z,a,E_ash,E_matched_LCDM,Delta_H_over_H_matched_LCDM,w_ash,rho_DE_factor_ash
0.0,1.0,1.0,1.0,0.0,-0.7928088139285001,1.0
0.005,0.9950248756218907,1.0034144832152285,1.0023626413136033,0.00104936263411291,-0.7968370938925747,1.003074642478696
0.01,0.9900990099009901,1.0068184922421004,1.004743269525656,0.0020654258449764678,-0.8007965524011665,1.0060835847938852
0.015,0.9852216748768474,1.0102126281884145,1.0071418739344598,0.003048978831511265,-0.8046886263729021,1.009027942108295
0.02,0.9803921568627451,1.0135974790241562,1.0095584429793882,0.00400079467697585,-0.8085147164414084,1.0119088154460316
0.025,0.9756097560975611,1.0169736198204773,1.0119929642531167,0.004921630627181768,-0.8122761880355833,1.0147272915868315
0.03,0.970873786407767,1.0203416129860778,1.014445424513905,0.005812228366053478,-0.8159743724227831,1.017484442981847
0.035,0.9661835748792271,1.0237020085008761,1.016915809697921,0.006673314288398207,-0.8196105677163618,1.0201813276895733
0.04,0.9615384615384615,1.0270553441468775,1.019404104931605,0.007505599769765396,-0.8231860398489478,1.0228189893306214
0.045,0.9569377990430623,1.0304021457361587,1.0219102945440621,0.00830978143329631,-0.8267020235127759,1.0253984570600914
0.05,0.9523809523809523,1.0337429273359022,1.0244343620794878,0.00908654141346751,-0.8301597230683376,1.027920745556377
0.055,0.9478672985781991,1.0370781914904126,1.0269762903096071,0.00983654761665431,-0.8335603134225585,1.0303868550252862
0.06,0.9433962264150942,1.0404084294400755,1.0295360612461373,0.010560453978443888,-0.8369049408776614,1.032797771218426
0.065,0.9389671361502347,1.0437341213372087,1.032113656153256,0.011258900717642632,-0.8401947239518229,1.0351544654648563
0.07,0.9345794392523364,1.0470557364587794,1.0347090555600773,0.011932514586932773,-0.8434307541726863,1.0374578947150688
0.075,0.9302325581395349,1.0503737334159555,1.0373222392731296,0.012581909120131591,-0.8466140968447449,1.039709001596396
0.08,0.9259259259259258,1.0536885603604804,1.039953186388825,0.013207684876038253,-0.849745791791574,1.0419087144790131
0.085,0.9216589861751152,1.0570006551878486,1.042601875305924,0.01381042967882593,-0.8528268540738432,1.0440579475517322
0.09,0.9174311926605504,1.0603104457372863,1.0452682837379834,0.014390718854981988,-0.8558582746840045,1.0461576009068334
0.095,0.9132420091324202,1.0636183499885263,1.0479523887257864,0.014949115466770638,-0.8588410212185139,1.0482085606332294
0.1,0.9090909090909091,1.0669247762553873,1.0506541666497484,0.015486170542226499,-0.8617760385284114,1.0502116989172838
0.105,0.9049773755656109,1.0702301233761595,1.053373593242297,0.016002423301668272,-0.8646642493490465,1.0521678741506577
0.11,0.9009009009009008,1.0735347809008158,1.0561106436002174,0.016498401380749747,-0.8675065549097081,1.0540779310445825
0.115,0.8968609865470852,1.0768391292750545,1.0588652921969632,0.016974621050047534,-0.870303835523882,1.0559427007499975
0.12,0.8928571428571428,1.0801435400212012,1.061637512894926,0.0174315874312052,-0.8730569511608396,1.0577630009830243
0.125,0.8888888888888888,1.0834483759159856,1.0644272789576603,0.017869794709650545,-0.8757667419992187,1.0595396361552758
0.13,0.8849557522123894,1.08675399116522,1.0672345630620599,0.018289726343903124,-0.8784340289632443,1.0612733975085291
0.135,0.8810572687224669,1.0900607315754045,1.0700593373104812,0.01869185527149869,-0.8810596142422064,1.062965063253326
0.14,0.8771929824561403,1.0933689347222908,1.0729015732428124,0.01907664411155292,-0.8836442817937816,1.0646153987110771
0.145,0.8733624454148472,1.0966789301164312,1.0757612418484799,0.019444545363995938,-0.8861887978317744,1.0662251564592855
0.15,0.8695652173913044,1.09999103936575,1.0786383135783946,0.019796001605503388,-0.888693911298819,1.0677950764795203
0.155,0.8658008658008658,1.1033055763351647,1.0815327583568295,0.02013144568215815,-0.8911603543245706,1.0693258863077957
0.16,0.8620689655172414,1.1066228473033,1.0844445455932274,0.02045130089887652,-0.8935888426698874,1.070818301187032
0.165,0.8583690987124464,1.1099431511163254,1.0873736441939372,0.020755981205631255,-0.895980076157492,1.0722730242212986
0.17,0.8547008547008548,1.1132667793389546,1.0903200225738718,0.021045891380507994,-0.8983347390895752,1.0736907465315506
0.17500000000000002,0.851063829787234,1.1165940164026482,1.0932836486680888,0.02132142720963371,-0.9006535006527924,1.0750721474126
0.18,0.8474576271186441,1.1199251397510535,1.0962644899432872,0.0215829756640118,-0.9029370153110826,1.0764178944910636
0.185,0.8438818565400843,1.123260419982725,1.0992625134092222,0.02183091507330339,-0.9051859231867266,1.0777286438840679
0.19,0.8403361344537815,1.1266001209911625,1.1022776856300294,0.022065615296594808,-0.907400850430039,1.0790050403584814
0.195,0.8368200836820083,1.1299445001022124,1.1053099727354625,0.022287437890190585,-0.9095824095780846,1.0802477174904834
0.2,0.8333333333333334,1.1332938082088628,1.1083593404320349,0.0224967362724697,-0.9117311999027804,1.081457297825272
0.20500000000000002,0.8298755186721991,1.136648289903486,1.1114257540140708,0.022693855885847884,-0.9138478077487463,1.0826343930367406
0.21,0.8264462809917356,1.1400081836075566,1.1145091783746561,0.022879134355884765,-0.9159328068612399,1.0837796040869612
0.215,0.8230452674897119,1.143373721698896,1.1176095780164927,0.023052901647576073,-0.9179867587045111,1.0848935213853164
0.22,0.819672131147541,1.1467451306364778,1.1207269170626502,0.02321548021887401,-0.9200102127708871,1.0859767249471475
0.225,0.8163265306122448,1.1501226310828396,1.1238611592672165,0.023367185171472776,-0.9220037068809003,1.0870297845517818
0.23,0.8130081300813008,1.1535064380241347,1.1270122680258414,0.02350832439890153,-0.9239677674747457,1.0880532598998232
0.23500000000000001,0.8097165991902834,1.1568967608878744,1.1301802063861777,0.023639198731965592,-0.9259029098953587,1.0890477007695922
0.24,0.8064516129032259,1.1602938036583894,1.1333649370582093,0.023760102081574336,-0.9278096386633801,1.090013647172614
0.245,0.8032128514056224,1.1636977649900613,1.1365664224244745,0.02387132157899878,-0.9296884477442754,1.0909516295080603
0.25,0.8,1.1671088383183528,1.1397846245501762,0.023973137713592434,-0.9315398208078606,1.0918621687160575
0.255,0.7968127490039841,1.170527211968686,1.1430195051931795,0.02406582446802383,-0.9333642314804783,1.0927457764297814
0.26,0.7936507936507936,1.1739530692631996,1.1462710258138977,0.0241496494510507,-0.9351621435900613,1.0936029551262691
0.265,0.7905138339920947,1.1773865886254276,1.1495391475850618,0.024224874027880924,-0.936934011404309,1.0944341982758772
0.27,0.7874015748031495,1.180827943682935,1.1528238314013757,0.024291753448154717,-0.9386802798621979,1.0952399904903303
0.275,0.7843137254901962,1.1842773033679512,1.1561250378890546,0.024350536971588517,-0.9404013847990356,1.096020807669304
0.28,0.78125,1.1877348320160341,1.159442727415246,0.024401467991316855,-0.942097753165263,1.096777117145493
0.28500000000000003,0.7782101167315174,1.1912006894628033,1.1627768600973303,0.024444784154970055,-0.9437698032392011,1.0975093778281204
0.29,0.7751937984496123,1.1946750311387786,1.1661273958121072,0.024480717483521947,-0.9454179448339328,1.0982180403448516
0.295,0.7722007722007722,1.1981580081623595,1.1694942942048567,0.024509494487949885,-0.9470425794985021,1.0989035471820738
0.3,0.7692307692307692,1.2016497674309785,1.1728775146982853,0.024531336283733517,-0.9486441007136068,1.0995663328235146
0.305,0.7662835249042146,1.2051504517104648,1.1762770165013465,0.024546458703237933,-0.950222894081957,1.10020682388717
0.31,0.7633587786259541,1.208660199722652,1.1796927586179444,0.024555072406008568,-0.9517793375134637,1.100825439260522
0.315,0.7604562737642586,1.212179146231261,1.1831246998555125,0.024557382987014584,-0.9533138014054131,1.1014225902340213
0.32,0.7575757575757576,1.215707422126095,1.1865727988334744,0.024553591082875834,-0.9548266488177872,1.1019986806328264
0.325,0.7547169811320755,1.2192451545055738,1.1900370139915777,0.02454389247610649,-0.9563182356438713,1.102554106946777
0.33,0.7518796992481203,1.2227924667576426,1.193517303598111,0.024528478197404776,-0.9577889107762964,1.1030892584585987
0.335,0.7490636704119851,1.226349478639086,1.197013625757995,0.024507534626027654,-0.9592390162686539,1.103604517370326
0.34,0.7462686567164178,1.229916306353277,1.2005259384207532,0.02448124358827743,-0.9606688874928156,1.1041002589279407
0.34500000000000003,0.7434944237918216,1.2334930626263902,1.204054199388359,0.02444978245413358,-0.9620788532920882,1.1045768515442227
0.35000000000000003,0.7407407407407407,1.2370798567821113,1.2075983663229628,0.024413324232060035,-0.9634692361303282,1.1050346569198095
0.355,0.7380073800738007,1.24067679481487,1.2111583967544963,0.024372037662021125,-0.9648403522371362,1.1054740301624693
0.36,0.7352941176470589,1.2442839794616254,1.2147342480881542,0.024326087306733052,-0.9661925117492491,1.1058953199045867
0.365,0.7326007326007326,1.2479015102722304,1.2183258776117556,0.024275633641182234,-0.9675260188482419,1.1062988684188673
0.37,0.7299270072992701,1.2515294836784068,1.221933242502984,0.024220833140440913,-0.968841171894647,1.106685011732268
0.375,0.7272727272727273,1.255167993061351,1.2255562998365068,0.024161838365805426,-0.9701382635585999,1.1070540797381578
0.38,0.7246376811594204,1.2588171288180057,1.2291950065909751,0.024098798049289133,-0.9714175809471086,1.107406396306721
0.385,0.7220216606498195,1.2624769784260128,1.232849319655902,0.02403185717649588,-0.9726794057280501,1.1077422793936105
0.39,0.7194244604316546,1.2661476265073843,1.236519195838423,0.023961157067902843,-0.973924014250985,1.1080620411468631
0.395,0.7168458781362007,1.2698291548909073,1.240204591869937,0.023886835458578257,-0.975151677664886,1.1083659880120897
0.4,0.7142857142857143,1.273521642673311,1.243905464412631,0.023809026576360078,-0.9763626620328676,1.108654420835954
0.405,0.7117437722419929,1.2772251662792213,1.2476217700658847,0.02372786121852725,-0.9775572284440044,1.1089276349679502
0.41000000000000003,0.7092198581560283,1.2809397995199232,1.2513534653725586,0.0236434668269816,-0.9787356331223205,1.1091859203605008
0.41500000000000004,0.7067137809187279,1.2846656136509556,1.2551005068251684,0.023555967561971113,-0.9798981275330321,1.1094295616673828
0.42,0.7042253521126761,1.288402677428562,1.258862850871942,0.02346548437437762,-0.9810449584861217,1.1096588383405062
0.425,0.7017543859649122,1.2921510571650185,1.262640453922762,0.023372135076595395,-0.9821763682373196,1.1098740247250551
0.43,0.6993006993006994,1.2959108167828592,1.2664332723549951,0.023276034412021685,-0.9832925945865633,1.1100753901530125
0.435,0.6968641114982578,1.2996820178680242,1.2702412625192092,0.0231772941231861,-0.9843938709740128,1.1102631990350857
0.44,0.6944444444444444,1.3034647197219462,1.2740643807447753,0.02307602301854198,-0.985480426573683,1.1104377109510506
0.445,0.6920415224913494,1.3072589794126015,1.2779025833453637,0.02297232703793981,-0.9865524863847647,1.1105991807385343
0.45,0.6896551724137931,1.31106485182454,1.2817558266243236,0.022866309316810867,-0.9876102713206978,1.110747858580253
0.455,0.6872852233676976,1.3148823897079194,1.2856240668799601,0.022758070249077826,-0.9886539982960589,1.1108839900897272
0.46,0.684931506849315,1.3187116437265571,1.2895072604106963,0.02264770754881947,-0.9896838803113233,1.111007816395491
0.465,0.68259385665529,1.322552662505026,1.2934053635201337,0.022535316310707793,-0.9907001265355617,1.1111195742238194
0.47000000000000003,0.6802721088435374,1.3264054926748017,1.297318332522002,0.022420989069239464,-0.9917029423871289,1.1112194959799864
0.47500000000000003,0.6779661016949152,1.3302701789194953,1.3012461237450077,0.02230481585678494,-0.9926925296123966,1.1113078098280835
0.48,0.6756756756756757,1.3341467640191704,1.305188693537574,0.022186884260473196,-0.993669086362588,1.1113847397694085
0.485,0.6734006734006734,1.3380352888937816,1.3091459982724827,0.02206727947793491,-0.9946328072687625,1.1114505057194555
0.49,0.6711409395973155,1.3419357926457334,1.3131179943514086,0.021946084371921793,-0.9955838835150035,1.1115053235835153
0.495,0.6688963210702341,1.345848312601589,1.317104638209358,0.021823379523823384,-0.9965225029098564,1.1115494053309156
0.5,0.6666666666666666,1.349772884352941,1.3211058863190035,0.02169924328610208,-0.997448849956065,1.1115829590679183
0.505,0.6644518272425249,1.3537095417964602,1.3251216951949223,0.021573751833662867,-0.9983631059186511,1.1116061891092897
0.51,0.6622516556291391,1.3576583171731365,1.329152021397737,0.021446979214177615,-0.9992654488913837,1.1116192960485731
0.515,0.6600660066006601,1.361619241106731,1.3331968215381589,0.02131899739738357,-1.0001560538616787,1.1116224768270748
0.52,0.6578947368421053,1.3655923426414531,1.3372560522809351,0.021189876323375212,-1.0010350927739728,1.1116159248015889
0.525,0.6557377049180328,1.3695776492788763,1.341329670348706,0.021059683949902135,-1.0019027345916112,1.111599829810881
0.53,0.6535947712418301,1.3735751870141082,1.3454176325257643,0.02092848629869929,-1.0027591453572882,1.1115743782409453
0.535,0.6514657980456026,1.37758498037123,1.3495198956617256,0.02079634750085906,-1.0036044882520814,1.1115397530890647
0.54,0.6493506493506493,1.3816070524380166,1.3536364166751078,0.02066332984126724,-1.0044389236531122,1.1114961340266833
0.545,0.6472491909385114,1.3856414248999562,1.3577671525568213,0.02052949380211816,-1.005262609189873,1.1114436974611148
0.55,0.6451612903225806,1.3896881180735778,1.3619120603735704,0.020394898105527116,-1.0060756997992548,1.1113826165961118
0.555,0.6430868167202571,1.3937471509391004,1.3660710972711678,0.020259599755252582,-1.0068783477793055,1.1113130614913034
0.56,0.641025641025641,1.3978185411724218,1.3702442204777643,0.020123654077550585,-1.0076707028417586,1.1112351991205325
0.5650000000000001,0.6389776357827476,1.4019023051764534,1.3744313873069933,0.019987114761170825,-1.0084529121633588,1.1111491934291
0.5700000000000001,0.6369426751592356,1.4059984581118188,1.3786325551610317,0.019850033896516125,-1.0092251204360176,1.1110552053899476
0.5750000000000001,0.6349206349206349,1.410107013926923,1.3828476815335786,0.01971246201397519,-1.009987469915829,1.1109533930587823
0.58,0.6329113924050632,1.4142279853874093,1.3870767240127535,0.019574448121448113,-1.0107401004709753,1.1108439116281748
0.585,0.6309148264984227,1.4183613841050147,1.3913196402839154,0.019436039741077084,-1.0114831496285481,1.1107269134806423
0.59,0.628930817610063,1.4225072205658302,1.3955763881324013,0.019297282945198405,-1.012216752620319,1.1106025482407342
0.595,0.6269592476489029,1.426665504157987,1.3998469254461894,0.019158222391529995,-1.0129410424274787,1.1104709628261396
0.6,0.625,1.430836243198768,1.4041312102184849,0.01901890135760732,-1.0136561498243766,1.110332301497834
0.605,0.6230529595015576,1.4350194449611662,1.4084292005502308,0.01887936177448421,-1.0143622034212827,1.110186705909282
0.61,0.6211180124223603,1.4392151156998962,1.4127408546525462,0.018739644259711898,-1.0150593297062,1.110034315154713
0.615,0.6191950464396285,1.4434232606768653,1.4170661308490908,0.01859978814960568,-1.0157476530857474,1.1098752658164848
0.62,0.6172839506172839,1.4476438841861217,1.4214049875783576,0.01845983153082017,-1.016427295925139,1.109709692011555
0.625,0.6153846153846154,1.4518769895782857,1.4257573833958963,0.018319811271239723,-1.0170983785872805,1.1095377254370749
0.63,0.6134969325153374,1.456122579284476,1.4301232769764676,0.018179763050200547,-1.0177610194710087,1.1093594954151196
0.635,0.6116207951070336,1.4603806548397378,1.4345026271161285,0.018039721388055936,-1.0184153350484892,1.1091751289365743
0.64,0.6097560975609756,1.4646512169059833,1.4388953927342518,0.01789971967509685,-1.0190614399017985,1.1089847507041883
0.645,0.60790273556231,1.468934265294458,1.4433015328754792,0.017759790199841863,-1.0196994467587084,1.1087884831748147
0.65,0.6060606060606061,1.4732297989877359,1.4477210067116113,0.017619964176706852,-1.020329466527692,1.108586446600851
0.655,0.6042296072507553,1.4775378161612565,1.452153773543431,0.0174802717730681,-1.0209516083321728,1.108378759070892
0.66,0.6024096385542168,1.4818583142044106,1.456599792802469,0.017340742135727436,-1.021565979544031,1.1081655365496141
0.665,0.6006006006006006,1.4861912897411849,1.461059024052704,0.017201403416796077,-1.0221726858163906,1.107946892916903
0.67,0.5988023952095809,1.4905367386503734,1.4655314269922055,0.01706228279900331,-1.0227718311157,1.1077229400062367
0.675,0.5970149253731343,1.494894656085364,1.4700169614547174,0.016923406520444377,-1.023363517753127,1.1074937876423452
0.68,0.5952380952380952,1.4992650364935063,1.4745155874111806,0.01678479989877794,-1.0239478464152825,1.1072595436781507
0.685,0.5934718100890207,1.5036478736350745,1.4790272649712035,0.01664648735488342,-1.0245249161942889,1.1070203140310095
0.6900000000000001,0.591715976331361,1.5080431606018259,1.4835519543844733,0.01650849243598886,-1.0250948246172118,1.106776202718265
0.6950000000000001,0.5899705014749262,1.5124508898351694,1.4880896160421142,0.016370837838280937,-1.025657667674866,1.1065273118921255
0.7000000000000001,0.588235294117647,1.516871053143945,1.4926402104779901,0.016233545429005635,-1.0262135398500158,1.106273741873881
0.705,0.5865102639296187,1.5213036417218293,1.4972036983699568,0.016096636268071406,-1.0267625341449789,1.1060155911874705
0.71,0.5847953216374269,1.5257486461643672,1.5017800405410615,0.015960130629163446,-1.0273047421086516,1.1057529565924091
0.715,0.5830903790087464,1.5302060564856421,1.506369197960692,0.01582404802037928,-1.027840253862969,1.105485933116095
0.72,0.5813953488372093,1.534675862134589,1.5109711317456749,0.015688407204396636,-1.0283691581288106,1.105214614085499
0.725,0.5797101449275363,1.539158052010957,1.5155858031613274,0.015553226218179568,-1.0288915422513685,1.1049390911582548
0.73,0.5780346820809249,1.5436526144809306,1.520213173622459,0.015418522392237104,-1.0294074922249865,1.1046594543531598
0.735,0.5763688760806917,1.5481595373924169,1.5248532046943295,0.015284312369438417,-1.0299170927174872,1.104375792080095
0.74,0.5747126436781609,1.5526788080899974,1.5295058580935585,0.015150612123396882,-1.0304204270939943,1.1040881911693796
0.745,0.5730659025787965,1.5572104134295623,1.5341710956889902,0.015017436976431393,-1.0309175774402657,1.1037967369005677
0.75,0.5714285714285714,1.5617543397926263,1.5388488795025161,0.014884801617112104,-1.0314086245855478,1.1035015130307007
0.755,0.5698005698005698,1.566310573100333,1.5435391717098543,0.014752720117399889,-1.0318936481249594,1.1032026018220211
0.76,0.5681818181818182,1.5708790988271562,1.5482419346412855,0.014621205949388998,-1.0323727264414206,1.1029000840691663
0.765,0.56657223796034,1.5754599020143003,1.5529571307823478,0.014490272001659256,-1.0328459367271339,1.1025940391258409
0.77,0.5649717514124294,1.5800529672828125,1.5576847227744925,0.014359930595248092,-1.0333133550046283,1.1022845449309904
0.775,0.5633802816901409,1.5846582788464028,1.562424673415701,0.01423019349924605,-1.0337750561473786,1.101971678034475
0.78,0.5617977528089888,1.589275820523987,1.567176945661061,0.014101071946029928,-1.0342311139000062,1.1016555136222612
0.785,0.5602240896358543,1.5939055757519502,1.5719415026233046,0.013972576646135593,-1.0346816008980744,1.1013361255411327
0.79,0.5586592178770949,1.598547527596144,1.5767183075733135,0.013844717802780692,-1.035126588687484,1.1010135863229396
0.795,0.5571030640668524,1.6032016587636153,1.5815073239405844,0.013717505126043915,-1.0355661477434819,1.1006879672083854
0.8,0.5555555555555556,1.6078679516140781,1.5863085153136596,0.013590947846709148,-1.0360003474892883,1.1003593381703662
0.805,0.5540166204986149,1.612546388171127,1.5911218454405247,0.013465054729778195,-1.0364292563143527,1.1000277679368706
0.81,0.5524861878453039,1.6172369501332051,1.5959472782289712,0.013339834087664319,-1.0368529415922474,1.0996933240134457
0.8150000000000001,0.5509641873278237,1.6219396188843254,1.6007847777469273,0.013215293793068853,-1.0372714696982057,1.09935607270524
0.8200000000000001,0.5494505494505494,1.6266543755045524,1.605634308222756,0.013091441291549806,-1.0376849060263127,1.0990160791386336
0.8250000000000001,0.547945205479452,1.6313812007802486,1.6104958340455209,0.012968283613788852,-1.038093315006358,1.098673407282457
0.8300000000000001,0.5464480874316939,1.63612007521409,1.615369319765223,0.01284582738756173,-1.0384967601203552,1.098328119968814
0.835,0.5449591280653951,1.6408709790348595,1.6202547300930077,0.012724078849421614,-1.0388953039187376,1.0979802789135098
0.84,0.5434782608695653,1.6456338922070124,1.62515202990134,0.012603043856097456,-1.039289008036239,1.0976299447360995
0.845,0.5420054200542006,1.6504087944400325,1.6300611842241552,0.012482727895616958,-1.03967793320746,1.0972771769795562
0.85,0.5405405405405405,1.6551956651975697,1.6349821582569766,0.012363136098159219,-1.0400621392821359,1.096922034129571
0.855,0.5390835579514824,1.6599944837063723,1.6399149173570127,0.012244273246639556,-1.040441685240104,1.0965645736334912
0.86,0.5376344086021506,1.664805228965016,1.6448594270432213,0.012126143787040179,-1.040816629205983,1.0962048519189058
0.865,0.5361930294906166,1.6696278797524295,1.6498156529963537,0.012008751838481706,-1.0411870284635694,1.0958429244118777
0.87,0.53475935828877,1.6744624146362286,1.654783561058968,0.011892101203052294,-1.0415529394699528,1.0954788455548385
0.875,0.5333333333333333,1.6793088119808528,1.6597631172354226,0.011776195375389726,-1.0419144178693647,1.0951126688241501
0.88,0.5319148936170213,1.6841670499555204,1.6647542876918453,0.011661037552028493,-1.042271518506757,1.0947444467473315
0.885,0.5305039787798409,1.6890371065419945,1.6697570387560754,0.01154663064051654,-1.0426242954411247,1.0943742309199713
0.89,0.5291005291005291,1.693918959542168,1.6747713369175872,0.011432977268300974,-1.0429728019585705,1.0940020720223205
0.895,0.5277044854881267,1.6988125865854757,1.6797971488273897,0.01132007979139627,-1.0433170905851243,1.0936280198355761
0.9,0.5263157894736842,1.70371796513613,1.6848344412979053,0.011207940302833515,-1.0436572130993171,1.0932521232578627
0.905,0.5249343832020997,1.7086350725001884,1.689883181302828,0.011096560640897913,-1.0439932205445166,1.0928744303199154
0.91,0.5235602094240838,1.7135638858324507,1.6949433359769595,0.0109859423971589,-1.044325163241031,1.0924949882004709
0.915,0.5221932114882506,1.7185043821431996,1.7000148726160276,0.0108760869242984,-1.0446530907979845,1.0921138432413742
0.92,0.5208333333333334,1.723456538304777,1.7050977586764842,0.010766995343740994,-1.0449770521249684,1.0917310409624021
0.925,0.5194805194805194,1.7284203310580064,1.7101919617752863,0.010658668553089154,-1.0452970954434746,1.091346626075814
0.93,0.5181347150259067,1.7333957370184587,1.7152974496896556,0.010551107233370877,-1.0456132682981154,1.0909606425006317
0.935,0.5167958656330749,1.738382732682572,1.7204141903568226,0.01044431185610172,-1.0459256175676328,1.090573133376654
0.9400000000000001,0.5154639175257733,1.7433812944336227,1.7255421518737557,0.010338282690165259,-1.0462341894757046,1.0901841410782134
0.9450000000000001,0.5141388174807198,1.7483913985475528,1.7306813024968686,0.010233019808519156,-1.0465390296015478,1.089793707227679
0.9500000000000001,0.5128205128205128,1.7534130211986547,1.7358316106417149,0.010128523094725889,-1.0468401828903278,1.0894018727087067
0.9550000000000001,0.5115089514066496,1.7584461384651213,1.740993044882667,0.010024792249316902,-1.0471376936633727,1.0890086776792467
0.96,0.5102040816326531,1.7634907263344586,1.7461655739525792,0.00992182679599081,-1.047431605628202,1.0886141615843132
0.965,0.5089058524173028,1.7685467607087657,1.751349166742435,0.009819626087651478,-1.0477219618883686,1.0882183631685145
0.97,0.5076142131979695,1.7736142174098866,1.7565437923009821,0.009718189312287547,-1.048008804953121,1.087821320488356
0.975,0.5063291139240506,1.7786930721844338,1.7617494198343515,0.00961751549869984,-1.0482921767468905,1.087423070924314
0.98,0.5050505050505051,1.7837833007086883,1.7669660187056648,0.009517603522077029,-1.0485721186186012,1.087023651192691
0.985,0.5037783375314862,1.7888848785933777,1.7721935584346276,0.009418452109426228,-1.048848671350814,1.0866230973572495
0.99,0.5025125628140703,1.793997781388337,1.7774320086971112,0.009320059844859459,-1.049121875168704,1.0862214448406358
0.995,0.5012531328320802,1.799121984587047,1.7826813393247196,0.009222425174739913,-1.0493917697488722,1.0858187284355916
1.0,0.5,1.8042574636310658,1.7879415203043487,0.009125546412692342,-1.049658394228002,1.085414982315962
1.0050000000000001,0.49875311720698257,1.8094041939143446,1.7932125217777304,0.00902942174448031,-1.0499217872113564,1.0850102400475032
1.01,0.49751243781094534,1.8145621507874337,1.7984943140409686,0.00893404923275117,-1.0501819867811244,1.0846045345984885
1.0150000000000001,0.4962779156327543,1.8197313095615837,1.8037868675440616,0.008839426821657254,-1.050439030504615,1.0841978983501255
1.02,0.49504950495049505,1.8249116455127368,1.8090901528904153,0.008745552341348597,-1.0506929554423072,1.08379036310678
1.025,0.4938271604938272,1.8301031338854241,1.81440414083635,0.008652423512348037,-1.0509437981557546,1.083381960106016
1.03,0.4926108374384236,1.8353057498965553,1.8197288022905918,0.008560037949806563,-1.051191594715349,1.08297272002845
1.035,0.49140049140049136,1.840519468739109,1.8250641083137573,0.008468393167641409,-1.0514363807079463,1.0825626730074287
1.04,0.49019607843137253,1.8457442655857352,1.8304100301178314,0.0083774865825646,-1.0516781912443571,1.08215184863853
1.045,0.48899755501222497,1.8509801155922543,1.8357665390656337,0.00828731551799826,-1.0519170609667048,1.0817402759888903
1.05,0.48780487804878053,1.8562269939010703,1.8411336066702777,0.00819787720788456,-1.0521530240556525,1.0813279836063652
1.055,0.4866180048661801,1.8614848756444893,1.8465112045946221,0.008109168800388844,-1.0523861142375042,1.0809149995285219
1.06,0.4854368932038835,1.866753735947954,1.8518993046507144,0.008021187361502525,-1.0526163647911808,1.0805013512914692
1.065,0.48426150121065376,1.872033549933187,1.8572978787992263,0.00793392987854358,-1.0528438085550724,1.0800870659385289
1.07,0.48309178743961345,1.8773242927212557,1.8627068991488849,0.007847393263561665,-1.0530684779337718,1.079672170028751
1.075,0.48192771084337344,1.8826259394355465,1.8681263379558926,0.007761574356646239,-1.0532904049046907,1.0792566896452722
1.08,0.4807692307692307,1.8879384652046673,1.8735561676233452,0.007676469929143605,-1.0535096210245594,1.0788406504035266
1.085,0.47961630695443647,1.8932618451652639,1.878996360700642,0.007592076686781139,-1.0537261574358145,1.0784240774593084
1.09,0.47846889952153115,1.89859605446476,1.8844468898828861,0.007508391272705601,-1.0539400448728762,1.0780069955166878
1.095,0.4773269689737471,1.9039410682640252,1.8899077280102872,0.007425410270432869,-1.0541513136683147,1.0775894288357857
1.1,0.47619047619047616,1.909296861739966,1.8953788480675524,0.007343130206714998,-1.0543599937589132,1.077171401240409
1.105,0.4750593824228029,1.9146634100880415,1.9008602231832716,0.00726154755432486,-1.0545661146916239,1.0767529361255486
1.11,0.4739336492890995,1.9200406885247163,1.906351826629305,0.007180658734760005,-1.0547697056294234,1.076334056464743
1.115,0.47281323877068554,1.9254286722898355,1.911853631820156,0.0071004601208700035,-1.0549707953570662,1.0759147848173094
1.12,0.4716981132075471,1.9308273366489366,1.9173656123123488,0.007020948039405424,-1.0551694122867412,1.0754951433354476
1.125,0.47058823529411764,1.9362366568954954,1.9228877418037962,0.006942118773494834,-1.0553655844636307,1.0750751537712147
1.1300000000000001,0.4694835680751174,1.9416566083531042,1.928419994133165,0.006863968565047515,-1.055559339571374,1.0746548374833758
1.135,0.468384074941452,1.947087166377587,1.9339623432792377,0.006786493617086084,-1.0557507049374402,1.0742342154441338
1.1400000000000001,0.4672897196261682,1.952528306359058,1.9395147633602703,0.0067096900960120975,-1.055939707538408,1.0738133082457382
1.145,0.4662004662004662,1.9579800037239088,1.9450772286333473,0.006633554133800253,-1.0561263740051572,1.0733921361069763
1.1500000000000001,0.4651162790697674,1.9634422339367485,1.950649713493734,0.0065580818301315645,-1.0563107306279713,1.0729707188795492
1.155,0.4640371229698375,1.9689149725022768,1.9562321924742223,0.006483269254460741,-1.0564928033615557,1.0725490760543352
1.16,0.4629629629629629,1.974398194967105,1.9618246402444808,0.006409112448020492,-1.056672617829971,1.072127226767542
1.165,0.4618937644341801,1.9798918769215197,1.9674270316103948,0.006335607425766676,-1.0568501993314823,1.0717051898067467
1.17,0.4608294930875576,1.985395994001193,1.9730393415134078,0.006262750178264096,-1.057025572843329,1.0712829836168356
1.175,0.4597701149425288,1.9909105218888397,1.9786615450298606,0.006190536673513925,-1.0571987630264144,1.0708606263058316
1.18,0.4587155963302753,1.996435436315822,1.984293617370328,0.006118962858724964,-1.0573697942299165,1.0704381356506232
1.185,0.45766590389016015,2.0019707130637068,1.989935533878953,0.006048024662031999,-1.0575386904958226,1.0700155291025917
1.19,0.4566210045662101,2.0075163279657664,1.9955872700327792,0.0059777179941577835,-1.0577054755633892,1.0695928237931378
1.195,0.4555808656036446,2.0130722569084414,2.001248801441084,0.0059080387500261445,-1.057870172873527,1.0691700365391121
1.2,0.45454545454545453,2.018638475832745,2.006920103844706,0.005838982810321915,-1.0580328055731134,1.0687471838481493
1.205,0.4535147392290249,2.0242149607356312,2.012601153115378,0.005770546043003108,-1.0581933965192358,1.0683242819239092
1.21,0.45248868778280543,2.0298016876713114,2.0182919252550486,0.005702724304764936,-1.0583519682833626,1.067901346671225
1.215,0.4514672686230249,2.035398632752529,2.0239923963952156,0.005635513442455671,-1.058508543155447,1.0674783937011627
1.22,0.4504504504504505,2.041005772151791,2.029702542796246,0.005568909294449138,-1.058663143147963,1.0670554383359894
1.225,0.449438202247191,2.0466230821025597,2.035422340846706,0.0055029076919703756,-1.0588157899998767,1.0666324956140572
1.23,0.4484304932735426,2.052250538900396,2.0411517670626815,0.005437504460379428,-1.0589665051805506,1.0662095802945997
1.235,0.4474272930648769,2.0578881189040756,2.046890798087106,0.005372695420413721,-1.0591153098935873,1.0657867068624465
1.24,0.4464285714285714,2.06353579853665,2.052639410689082,0.005308476389386922,-1.0592622250806067,1.0653638895326536
1.245,0.4454342984409799,2.069193554286483,2.058397581763206,0.0052448431823504255,-1.0594072714249665,1.0649411422550532
1.25,0.4444444444444444,2.074861362708244,2.064165288328892,0.005181791613215047,-1.059550469355419,1.0645184787187276
1.2550000000000001,0.4434589800443459,2.0805392004238623,2.069942507529696,0.005119317495833429,-1.0596918390497105,1.064095912356399
1.26,0.4424778761061947,2.08622704412345,2.0757292166326398,0.0050574166450478636,-1.0598314004381226,1.0636734563487502
1.2650000000000001,0.44150110375275936,2.091924870566189,2.0815253930275333,0.004996084877701138,-1.059969173206956,1.0632511236286628
1.27,0.44052863436123346,2.097632656581183,2.087331014226301,0.004935318013612106,-1.0601051768019587,1.0628289268853885
1.2750000000000001,0.4395604395604395,2.1033503790682793,2.093146057862308,0.004875111876518052,-1.0602394304316993,1.0624068785686454
1.28,0.43859649122807015,2.1090780149988517,2.098970501689683,0.004815462294983177,-1.0603719530708866,1.0619849908926404
1.285,0.437636761487965,2.1148155414165597,2.1048043235826497,0.004756365103274599,-1.0605027634636366,1.0615632758400284
1.29,0.4366812227074236,2.1205629354380724,2.1106475015348476,0.004697816142209616,-1.0606318801266856,1.061141745165797
1.295,0.4357298474945534,2.1263201742537614,2.1165000136586647,0.004639811259968387,-1.060759321352555,1.0607204104010877
1.3,0.4347826086956522,2.1320872351283677,2.122361838184566,0.0045823463128797865,-1.0608851052126638,1.06029928285695
1.305,0.4338394793926248,2.137864095401638,2.128232953460422,0.004525417166178368,-1.061009249560393,1.0598783736280315
1.31,0.4329004329004329,2.1436507324889336,2.1341133379508412,0.004469019694731891,-1.0611317720341016,1.0594576935962035
1.315,0.4319654427645788,2.1494471238818083,2.1400029702365027,0.0044131497837415976,-1.0612526900600936,1.059037253434124
1.32,0.43103448275862066,2.155253247148568,2.1459018290134897,0.004357803329417565,-1.061372020855541,1.0586170636087415
1.325,0.4301075268817204,2.1610690799347947,2.151809893092624,0.0043029762396264775,-1.061489781431359,1.0581971343847376
1.33,0.4291845493562232,2.1668945999638543,2.1577271413988037,0.0042486644345157915,-1.0616059885950364,1.057777475827909
1.335,0.4282655246252677,2.17272978503737,2.163653552970342,0.004194863847110801,-1.0617206589534216,1.0573580978084933
1.34,0.4273504273504274,2.1785746130356816,2.1695891069583046,0.004141570423892066,-1.0618338089154666,1.0569390100044385
1.345,0.4264392324093817,2.1844290619182716,2.1755337826258536,0.0040887801253453385,-1.061945454694927,1.0565202219046148
1.35,0.425531914893617,2.190293109724178,2.1814875593475884,0.004036488926493268,-1.0620556123130196,1.056101742811972
1.355,0.42462845010615713,2.1961667345723734,2.1874504166088915,0.003984692817400844,-1.0621642976010406,1.0556835818466455
1.36,0.42372881355932196,2.2020499146621373,2.1934223340052763,0.003933387803664182,-1.0622715262029419,1.055265747949004
1.365,0.4228329809725158,2.207942628273389,2.199403291241733,0.0038825699068744477,-1.0623773135778667,1.0548482498826506
1.37,0.42194092827004215,2.213844853767018,2.2053932681320827,0.0038322351650658198,-1.0624816750026498,1.0544310962373717
1.375,0.42105263157894735,2.219756569585179,2.2113922445983274,0.00378237963313955,-1.0625846255742744,1.0540142954320328
1.3800000000000001,0.42016806722689076,2.2256777542515787,2.217400200670005,0.0037329993832743553,-1.0626861802122953,1.053597855717428
1.385,0.41928721174004197,2.231608386371734,2.223417116483547,0.0036840905053129864,-1.0627863536612228,1.0531817851790801
1.3900000000000001,0.41841004184100417,2.2375484446332194,2.2294429722816362,0.0036356491071345867,-1.0628851604928704,1.0527660917399952
1.395,0.4175365344467641,2.2434979078058914,2.2354777484125683,0.003587671315010094,-1.0629826151086683,1.052350783163366
1.4000000000000001,0.41666666666666663,2.2494567547420954,2.2415214253296156,0.0035401532739366406,-1.0630787317419388,1.0519358670552348
1.405,0.41580041580041577,2.255424964376859,2.247573983590392,0.0034930911479610113,-1.0631735244601397,1.051521350867108
1.41,0.41493775933609955,2.2614025157280637,2.253635403856221,0.003446481120483094,-1.063267007167072,1.0511072418985268
1.415,0.41407867494824013,2.267389387896604,2.2597056668915076,0.0034003193945457704,-1.0633591936050557,1.0506935472995973
1.42,0.4132231404958678,2.273385560066527,2.265784753563108,0.003354602193110533,-1.0634500973570709,1.0502802740734736
1.425,0.4123711340206186,2.2793910115051617,2.2718726448397075,0.003309325759316317,-1.063539731848868,1.0498674290788026
1.43,0.41152263374485604,2.285405721563225,2.2779693217911974,0.003264486356725982,-1.063628110351046,1.0494550190321255
1.435,0.4106776180698152,2.291429669674924,2.2840747655880542,0.0032200802695598676,-1.0637152459810983,1.0490430505102408
1.44,0.4098360655737705,2.2974628353580315,2.2901889575007224,0.0031761038029137637,-1.06380115170543,1.0486315299525266
1.445,0.4089979550102249,2.3035051982139585,2.2963118788990027,0.003132553282964659,-1.0638858403413425,1.0482204636632229
1.45,0.4081632653061224,2.3095567379278066,2.3024435112514356,0.0030894250571666428,-1.0639693245589905,1.0478098578136776
1.455,0.40733197556008144,2.3156174342684097,2.3085838361246944,0.0030467154944315324,-1.0640516168833092,1.0473997184445545
1.46,0.4065040650406504,2.3216872670883615,2.3147328351829795,0.0030044209852979785,-1.0641327296959118,1.0469900514680022
1.465,0.40567951318458423,2.3277662163240334,2.320890490187412,0.002962537942092325,-1.0642126752369607,1.0465808626697906
1.47,0.40485829959514175,2.3338542619955756,2.327056782995432,0.0029210627990752633,-1.064291465607009,1.0461721577114076
1.475,0.40404040404040403,2.33995138420691,2.3332316955602037,0.0028799920125775866,-1.0643691127688162,1.0457639421321234
1.48,0.40322580645161293,2.3460575631457106,2.3394152099300145,0.002839322061129445,-1.0644456285491362,1.0453562213510204
1.485,0.40241448692152915,2.3521727790833746,2.3456073082476867,0.002799049445575243,-1.06452102464048,1.0449490006689874
1.49,0.4016064257028112,2.358297012374976,2.351807972749982,0.002759170689181087,-1.0645953126028505,1.0445422852706832
1.495,0.4008016032064128,2.364430243459219,2.3580171857670194,0.0027196823377322577,-1.0646685038654544,1.0441360802264643
1.5,0.4,2.370572452858373,2.364234929721688,0.002680580959622054,-1.0647406097283865,1.0437303904942847
1.5050000000000001,0.3992015968063872,2.3767236211781997,2.3704611871290635,0.0026418631459310246,-1.0648116413642914,1.0433252209215593
1.51,0.39840637450199207,2.382883729107873,2.376695940595833,0.0026035255104986466,-1.0648816098199994,1.0429205762470017
1.5150000000000001,0.3976143141153081,2.3890527574198863,2.3829391728197167,0.0025655646899855507,-1.0649505260181393,1.0425164611024258
1.52,0.3968253968253968,2.395230686969952,2.3891908665888932,0.0025279773439288874,-1.0650184007587284,1.0421128800145236
1.5250000000000001,0.396039603960396,2.4014174986968944,2.395451004781434,0.0024907601547896584,-1.065085244720737,1.041709837406609
1.53,0.39525691699604737,2.407613173622529,2.401719570364731,0.0024539098279916364,-1.0651510684636334,1.041307337600333
1.5350000000000001,0.3944773175542406,2.413817692851539,2.4079965463949358,0.002417423091955149,-1.065215882428904,1.0409053848173753
1.54,0.39370078740157477,2.420031037571341,2.414281916016397,0.0023812966981214254,-1.0652796969415528,1.0405039831811014
1.545,0.39292730844793716,2.42625318905194,2.420575662461101,0.002345527420971541,-1.0653425222115784,1.0401031367181968
1.55,0.3921568627450981,2.4324841286457843,2.426877769048118,0.0023101120580396955,-1.0654043683354313,1.0397028493602738
1.555,0.39138943248532293,2.4387238377876064,2.433188219183048,0.0022750474299176563,-1.0654652452974476,1.0393031249454494
1.56,0.390625,2.4449722979942585,2.4395069963574727,0.0022403303802556373,-1.0655251629712652,1.0389039672199003
1.565,0.38986354775828463,2.4512294908645433,2.4458340841484065,0.0022059577757562354,-1.0655841311212169,1.0385053798393902
1.57,0.3891050583657587,2.4574953980790357,2.452169466217757,0.00217192650616174,-1.0656421594037064,1.038107366370773
1.575,0.3883495145631068,2.463770001399899,2.4585131263117788,0.002138233484238751,-1.0656992573685615,1.037709930293471
1.58,0.38759689922480617,2.470053282670695,2.464865048260541,0.002104875645754022,-1.065755434460371,1.0373130750009285
1.585,0.3868471953578337,2.4763452238161876,2.4712252159773906,0.0020718499494478296,-1.065810700019801,1.0369168038020435
1.59,0.3861003861003861,2.4826458068421418,2.4775936134584207,0.002039153377001502,-1.0658650632848923,1.0365211199225735
1.595,0.3853564547206166,2.488955013835114,2.4839702247819413,0.0020067829330001315,-1.0659185333923407,1.036126026506518
1.6,0.3846153846153846,2.4952728269622417,2.490355034107956,0.0019747356448905564,-1.065971119378758,1.0357315266174822
1.605,0.3838771593090211,2.5015992284710213,2.4967480256776358,0.0019430085629361523,-1.066022830181916,1.0353376232400142
1.61,0.38314176245210724,2.5079342006890886,2.503149183812803,0.0019115987601654619,-1.0660736746419717,1.0349443192809225
1.615,0.3824091778202677,2.5142777260239875,2.509558492915412,0.00188050333231835,-1.0661236615026781,1.0345516175705722
1.62,0.38167938931297707,2.520629786962939,2.5159759374670396,0.0018497193977874305,-1.0661727994125738,1.0341595208641583
1.625,0.38095238095238093,2.526990366072602,2.5224015020283694,0.0018192440975564534,-1.0662210969261603,1.0337680318429603
1.6300000000000001,0.3802281368821293,2.533359445998833,2.528835171238687,0.0017890745951344923,-1.0662685625050592,1.033377153115575
1.635,0.3795066413662239,2.5397370094664367,2.535276929815376,0.0017592080764863658,-1.0663152045191553,1.0329868872191306
1.6400000000000001,0.3787878787878788,2.54612303927892,2.541726762553415,0.0017296417499607743,-1.066361031247724,1.0325972366204785
1.645,0.3780718336483932,2.5525175183182305,2.5481846543248787,0.0017003728462134202,-1.0664060508805413,1.0322082037173699
1.6500000000000001,0.3773584905660377,2.558920429544508,2.5546505900784457,0.001671398618130076,-1.0664502715189796,1.0318197908396085
1.655,0.3766478342749529,2.565331755995814,2.5611245548389006,0.0016427163407435532,-1.0664937011770883,1.0314320002501884
1.6600000000000001,0.37593984962406013,2.5717514807878716,2.5676065337066487,0.0016143233111497025,-1.0665363477826593,1.031044834146412
1.665,0.37523452157598497,2.5781795871137945,2.574096511857228,0.0015862168484197215,-1.0665782191782769,1.0306582946609883
1.67,0.37453183520599254,2.584616058243815,2.5805944745408254,0.0015583942935107416,-1.066619323122355,1.0302723838631174
1.675,0.3738317757009346,2.5910608775250115,2.5871004070817953,0.0015308530091738754,-1.0666596672901585,1.0298871037595523
1.68,0.373134328358209,2.5975140283810267,2.593614294878184,0.0015035903798585914,-1.0666992592748108,1.0295024562956485
1.685,0.37243947858473,2.603975494311791,2.600136123401254,0.0014766038116169064,-1.0667381065882888,1.0291184433563938
1.69,0.3717472118959108,2.6104452588932334,2.606665878195009,0.0014498907320033261,-1.0667762166624022,1.028735066767421
1.695,0.37105751391465674,2.6169233057770014,2.613203544875731,0.001423448589974698,-1.0668135968497612,1.0283523282960072
1.7,0.37037037037037035,2.6234096186901685,2.6197491091315093,0.0013972748557867759,-1.06685025442473,1.0279702296520532
1.705,0.36968576709796674,2.6299041814349433,2.6263025567217797,0.0013713670208885804,-1.0668861965843681,1.0275887724890505
1.71,0.36900369003690037,2.636406977888379,2.632863873476865,0.0013457225978171364,-1.0669214304493575,1.027207958405031
1.715,0.3683241252302026,2.6429179920020744,2.6394330452975168,0.0013203391200873806,-1.0669559630649181,1.0268277889435011
1.72,0.36764705882352944,2.6494372078018804,2.6460100581544608,0.001295214142084556,-1.066989801401712,1.0264482655943625
1.725,0.36697247706422015,2.6559646093875955,2.6525948980879464,0.0012703452389500201,-1.0670229523567325,1.0260693897948159
1.73,0.3663003663003663,2.6625001809326676,2.659187551207297,0.0012457300064701166,-1.0670554227541835,1.025691162930252
1.735,0.36563071297989025,2.6690439066838936,2.6657880036904666,0.0012213660609619063,-1.0670872193463465,1.025313586335128
1.74,0.36496350364963503,2.6755957709611073,2.6723962417835936,0.00119725103915666,-1.0671183488144362,1.0249366612938287
1.745,0.36429872495446264,2.6821557581568807,2.679012251800565,0.0011733825980836444,-1.0671488177694428,1.0245603890415158
1.75,0.36363636363636365,2.6887238527362123,2.6856360201225753,0.001149758414953064,-1.0671786327529653,1.0241847707649614
1.7550000000000001,0.3629764065335753,2.695300039236219,2.692267533197696,0.0011263761870357,-1.0672078002380327,1.0238098076033706
1.76,0.3623188405797102,2.7018843022658254,2.6989067775404405,0.0011032336315441012,-1.067236326629914,1.023435500649188
1.7650000000000001,0.3616636528028933,2.708476626505452,2.70555373973134,0.0010803284855108713,-1.0672642182669174,1.023061850948895
1.77,0.36101083032490977,2.7150769967067028,2.7122084064165106,0.001057658505668545,-1.067291481421179,1.0226888595037895
1.7750000000000001,0.3603603603603603,2.7216853976920516,2.71887076430724,0.0010352214683248258,-1.0673181222994412,1.022316527270759
1.78,0.3597122302158273,2.728301814354527,2.7255408001795582,0.001013015169241595,-1.0673441470438205,1.021944855163037
1.7850000000000001,0.3590664272890485,2.7349262316573966,2.7322185008738247,0.0009910374235098328,-1.0673695617325654,1.0215738440509468
1.79,0.35842293906810035,2.741558634633851,2.738903853294314,0.0009692860654250766,-1.067394372380803,1.0212034947626385
1.795,0.35778175313059035,2.748199008386686,2.7455968444088024,0.0009477589483622902,-1.0674185849412783,1.0208338080848083
1.8,0.35714285714285715,2.754847338087985,2.7522974612481574,0.0009264539446514575,-1.0674422053050807,1.0204647847634112
1.805,0.3565062388591801,2.7615036089787997,2.7590056909059353,0.0009053689454493888,-1.0674652393023634,1.020096425504358
1.81,0.35587188612099646,2.7681678063688326,2.765721520537973,0.0008845018606153739,-1.0674876927030517,1.0197287309742054
1.815,0.3552397868561279,2.7748399156361137,2.7724449373619877,0.0008638506185824504,-1.0675095712175429,1.0193617018008325
1.82,0.35460992907801414,2.7815199222266864,2.779175928657183,0.0008434131662315713,-1.067530880497397,1.0189953385741057
1.825,0.35398230088495575,2.788207811654281,2.785914481763846,0.000823187468763532,-1.0675516261360176,1.018629641846537
1.83,0.35335689045936397,2.7949035694999975,2.792660584082961,0.0008031715095707749,-1.0675718136693242,1.0182646121339274
1.835,0.3527336860670194,2.801607181411984,2.7994142230758126,0.0007833632901106723,-1.0675914485764164,1.017900249916003
1.84,0.35211267605633806,2.808318633105115,2.8061753862636047,0.0007637608297761599,-1.0676105362802293,1.0175365556370393
1.845,0.351493848857645,2.81503791036067,2.812944061227069,0.0007443621657686742,-1.0676290821481786,1.0171735297064772
1.85,0.3508771929824561,2.8217649990260147,2.819720235606088,0.0007251653529687951,-1.0676470914928005,1.0168111724995281
1.855,0.3502626970227671,2.8284998850142724,2.8265038970993093,0.0007061684638084221,-1.0676645695723794,1.016449484357769
1.86,0.34965034965034963,2.8352425543040125,2.833295033463773,0.0006873695881428947,-1.0676815215915723,1.0160884655897289
1.865,0.34904013961605584,2.84199299293892,2.840093632514533,0.0006687668331219831,-1.0676979527020196,1.0157281164714678
1.87,0.3484320557491289,2.84875118702748,2.8468996821242896,0.0006503583230614883,-1.0677138680029525,1.0153684372471417
1.875,0.34782608695652173,2.855517122742656,2.8537131702230147,0.0006321421993157721,-1.0677292725417913,1.0150094281295632
1.8800000000000001,0.3472222222222222,2.8622907863215654,2.860534084797587,0.0006141166201494982,-1.0677441713147333,1.0146510893007514
1.885,0.3466204506065858,2.8690721640651624,2.8673624138914278,0.0005962797606090777,-1.0677585692673384,1.0142934209124732
1.8900000000000001,0.3460207612456747,2.8758612423379164,2.8741981456041366,0.0005786298123959975,-1.0677724712951018,1.0139364230867762
1.895,0.3454231433506045,2.882658007567491,2.8810412680911335,0.0005611649837381572,-1.0677858822440232,1.0135800959165129
1.9000000000000001,0.3448275862068965,2.889462446244425,2.8878917695633013,0.000543883499263258,-1.0677988069111664,1.0132244394658565
1.905,0.3442340791738382,2.8962745449218144,2.89474963828663,0.0005267835998719183,-1.0678112500452133,1.01286945377081
1.9100000000000001,0.3436426116838488,2.903094290214991,2.9016148625818645,0.0005098635426102259,-1.0678232163470105,1.0125151388397051
1.915,0.34305317324185247,2.9099216688012057,2.908487430824157,0.0004931216005435793,-1.0678347104701071,1.0121614946536943
1.92,0.3424657534246575,2.9167566674193095,2.9153673314427158,0.000476556062630436,-1.0678457370212888,1.0118085211672365
1.925,0.3418803418803419,2.9235992728694384,2.922254552920463,0.0004601652335973482,-1.0678563005611033,1.0114562183085718
1.93,0.3412969283276451,2.930449472012693,2.92914908379369,0.0004439474338119392,-1.067866405604378,1.011104585980192
1.935,0.34071550255536626,2.9373072517708247,2.9360509126517202,0.00042790099915870515,-1.0678760566207348,1.0107536240593018
1.94,0.3401360544217687,2.9441725991259187,2.9429600281365644,0.0004120242809148904,-1.067885258035094,1.0104033323982728
1.945,0.3395585738539898,2.951045501120082,2.949876418942594,0.00039631564562523866,-1.067894014228175,1.0100537108250933
1.95,0.3389830508474576,2.9579259448551247,2.9568000738162,0.00038077347497880655,-1.0679023295369898,1.0097047591438046
1.955,0.338409475465313,2.9648139174922505,2.9637309815554675,0.00036539616568526394,-1.0679102082553293,1.009356477134938
1.96,0.33783783783783783,2.9717094062517417,2.970669131009844,0.0003501821293521977,-1.067917654634245,1.0090088645559387
1.965,0.3372681281618887,2.9786123984126487,2.977614511079813,0.00033512979236311217,-1.0679246728825242,1.008661921141588
1.97,0.3367003367003367,2.9855228813124763,2.9845671107165717,0.0003202375957547854,-1.0679312671671577,1.0083156466044143
1.975,0.3361344537815126,2.992440842346877,2.9915269189217084,0.000305503995096229,-1.0679374416138048,1.0079700406351009
1.98,0.33557046979865773,2.9993662689693377,2.998493924746881,0.00029092746036834535,-1.0679432003072493,1.0076251029028869
1.985,0.3350083752093802,3.006299148690874,3.0054681172935034,0.0002765064758428026,-1.0679485472918522,1.00728083305596
1.99,0.33444816053511706,3.0132394690797204,3.0124494857124255,0.0002622395399629512,-1.0679534865719964,1.006937230721845
1.995,0.333889816360601,3.0201872177610247,3.019438019203626,0.0002481251652241089,-1.0679580221125289,1.0065942955077853
2.0,0.3333333333333333,3.0271423824165415,3.0264337070158964,0.00023416187805543688,-1.0679621578391951,1.0062520270011193
2.005,0.3327787021630616,3.0341049507843287,3.0334365384465367,0.00022034821870192363,-1.0679658976390682,1.0059104247696495
2.0100000000000002,0.3322259136212624,3.0410749106584416,3.040446502841046,0.0002066827411067779,-1.067969245360974,1.0055694883620065
2.015,0.33167495854063017,3.0480522498886278,3.0474635895928173,0.00019316401279437727,-1.0679722048159095,1.0052292173080082
2.02,0.33112582781456956,3.055036956380033,3.0544877881428416,0.0001797906147547899,-1.067974779777458,1.004889611119011
2.025,0.3305785123966942,3.062029018092891,3.0615190879794016,0.00016656114132738758,-1.0679769739821965,1.004550669288259
2.0300000000000002,0.33003300330033003,3.0690284230422304,3.068557478637775,0.0001534742000871902,-1.0679787911301006,1.0042123912912237
2.035,0.32948929159802304,3.07603515929757,3.075602949699941,0.0001405284117285638,-1.0679802348849432,1.0038747765859413
2.04,0.32894736842105265,3.0830492149826267,3.082655490794285,0.00012772240995381428,-1.0679813088746877,1.0035378246133442
2.045,0.3284072249589491,3.0900705782750157,3.0897150915953078,0.00011505484135898907,-1.0679820166918785,1.0032015347975856
2.05,0.3278688524590164,3.0970992374059554,3.0967817418233357,0.00010252436532152727,-1.067982361894024,1.0028659065463614
2.055,0.3273322422258592,3.1041351806599717,3.103855431244232,9.012965388902247e-05,-1.0679823480039778,1.0025309392512256
2.06,0.32679738562091504,3.1111783963746067,3.1109361496691132,7.786939166823109e-05,-1.0679819785103126,1.0021966322879008
2.065,0.3262642740619902,3.1182288729401253,3.118023886954064,6.57422757147577e-05,-1.067981256867691,1.001862985016584
2.07,0.32573289902280134,3.125286598799224,3.125118632999858,5.374701542284559e-05,-1.0679801864972318,1.0015299967822486
2.075,0.3252032520325203,3.132351562446743,3.1322203777516764,4.188233241768904e-05,-1.0679787707868715,1.0011976669149392
2.08,0.3246753246753247,3.1394237524293724,3.1393291111988297,3.0146960446132194e-05,-1.0679770130917217,1.0008659947300647
2.085,0.3241491085899514,3.146503157345371,3.1464448233744857,1.8539645269457106e-05,-1.0679749167344212,1.0005349795286853
2.09,0.3236245954692557,3.1535897658442753,3.1535675043553915,7.059144557108854e-06,-1.067972485005486,1.0002046205977941
2.095,0.32310177705977383,3.1606835666266178,3.160697144261607,-4.29577222033612e-06,-1.0679697211636519,0.9998749172105965
2.1,0.3225806451612903,3.167784548443637,3.1678337332562285,-1.552632389613557e-05,-1.0679666284362164,0.9995458686267829
2.105,0.322061191626409,3.174892700097003,3.1749772615451275,-2.6633717711565286e-05,-1.0679632100193743,0.9992174740927996
2.11,0.3215434083601286,3.182008010438529,3.1821277193766817,-3.7619149421280315e-05,-1.0679594690785497,0.9988897328421126
2.115,0.32102728731942215,3.1891304683698958,3.1892850970415108,-4.848380339481555e-05,-1.0679554087487237,0.9985626440954698
2.12,0.3205128205128205,3.196260062842368,3.1964493848722135,-5.922885272067022e-05,-1.0679510321347603,0.9982362070611577
2.125,0.32,3.2033967828565206,3.2036205732431116,-6.985545930752292e-05,-1.0679463423117244,0.9979104209352545
2.13,0.3194888178913738,3.2105406174619606,3.2107986525699856,-8.03647739849669e-05,-1.0679413423252002,0.9975852849018785
2.1350000000000002,0.31897926634768736,3.217691555757051,3.2179836133098236,-9.075793660500837e-05,-1.0679360351916034,0.9972607981334346
2.14,0.3184713375796178,3.2248495868886367,3.2251754459605615,-0.00010103607614059195,-1.06793042389849,0.9969369597908536
2.145,0.3179650238473768,3.2320147000517747,3.2323741410608338,-0.00011120031078490257,-1.0679245114048614,0.9966137690238323
2.15,0.31746031746031744,3.2391868844894587,3.239579689189721,-0.00012125174805019172,-1.067918300641467,0.996291224971064
2.1550000000000002,0.31695721077654515,3.246366129492351,3.246792080966501,-0.0001311914848650351,-1.0679117945111019,0.9959693267604716
2.16,0.3164556962025316,3.2535524243985128,3.2540113070503986,-0.00014102060767017647,-1.0679049958889009,0.995648073509432
2.165,0.315955766192733,3.260745758593137,3.2612373581403444,-0.00015074019251624116,-1.0678979076226307,0.9953274643250004
2.17,0.31545741324921134,3.2679461215082823,3.268470224974726,-0.00016035130515771448,-1.0678905325329773,0.9950074983041285
2.1750000000000003,0.31496062992125984,3.2751535026226066,3.2757098983311495,-0.00016985500114838784,-1.0678828734138297,0.9946881745338808
2.18,0.31446540880503143,3.2823678914611043,3.2829563690261954,-0.000179252325934998,-1.0678749330325612,0.994369492091648
2.185,0.3139717425431711,3.289589277594844,3.290209627915182,-0.0001885443149502961,-1.0678667141303075,0.9940514500453556
2.19,0.31347962382445144,3.296817650640707,3.297469665891928,-0.00019773199370568434,-1.067858219422241,0.9937340474536688
2.195,0.3129890453834116,3.304053000261127,3.304736473888515,-0.00020681637788328713,-1.067849451597841,0.9934172833661964
2.2,0.3125,3.311295316163833,3.312010042875058,-0.0002157984734262528,-1.0678404133211625,0.9931011568236907
2.205,0.31201248049922,3.3185445881015894,3.319290363859465,-0.0002246792766295826,-1.067831107231102,0.9927856668582423
2.21,0.3115264797507788,3.3258008058719426,3.3265774278872153,-0.00023345977422987036,-1.0678215359416572,0.9924708124934747
2.215,0.3110419906687403,3.3330639593169655,3.3338712260411265,-0.00024214094349396555,-1.0678117020421873,0.992156592744733
2.22,0.3105590062111801,3.3403340383230047,3.3411717494411275,-0.00025072375230723496,-1.0678016080976682,0.9918430066192726
2.225,0.31007751937984496,3.347611032820425,3.34847898924403,-0.00025920915926089304,-1.0677912566489451,0.9915300531164434
2.23,0.30959752321981426,3.354894932783365,3.3557929366433097,-0.0002675981137390722,-1.0677806502129827,0.9912177312278693
2.235,0.3091190108191654,3.3621857282294827,3.363113582868881,-0.0002758915560047075,-1.067769791283112,0.9909060399376284
2.24,0.30864197530864196,3.3694834092197095,3.3704409191868763,-0.00028409041728517074,-1.0677586823292737,0.9905949782224286
2.245,0.3081664098613251,3.376787965858002,3.3777749368994248,-0.0002921956198564709,-1.0677473257982608,0.9902845450517791
2.25,0.3076923076923077,3.384099388291097,3.385115627344438,-0.00030020807712800325,-1.0677357241139556,0.9899747393881625
2.255,0.30721966205837176,3.39141766670827,3.392462981895392,-0.0003081286937250875,-1.0677238796775663,0.9896655601872003
2.2600000000000002,0.3067484662576687,3.398742791341089,3.3998169919611128,-0.00031595836557193457,-1.0677117948678596,0.989357006397819
2.265,0.30627871362940273,3.4060747524631734,3.4071776489855607,-0.0003236979799734679,-1.0676994720413915,0.9890490769624112
2.27,0.3058103975535168,3.4134135403899544,3.414544944447623,-0.00033134841569692076,-1.0676869135327338,0.9887417708169969
2.275,0.3053435114503817,3.4207591454784376,3.421918869860901,-0.0003389105430516529,-1.0676741216547008,0.9884350868913787
2.2800000000000002,0.3048780487804878,3.428111558126963,3.429299416773502,-0.00034638522396979784,-1.0676610986985704,0.9881290241092971
2.285,0.30441400304414,3.4354707687749695,3.4366865767678307,-0.0003537733120850101,-1.0676478469343045,0.9878235813885834
2.29,0.303951367781155,3.4428367679027594,3.4440803414603867,-0.0003610756528112714,-1.0676343686107668,0.987518757641308
2.295,0.30349013657056145,3.450209546031267,3.451480702501556,-0.0003682930834200771,-1.0676206659559369,0.9872145517739294
2.3000000000000003,0.303030303030303,3.4575890937218237,3.4588876515754134,-0.0003754264331188485,-1.0676067411771235,0.986910962687437
2.305,0.302571860816944,3.4649754015759253,3.466301180399513,-0.00038247652312631985,-1.0675925964611743,0.9866079892774963
2.31,0.3021148036253776,3.4723684602350082,3.473721280724698,-0.000389444166748904,-1.0675782339746838,0.986305630434587
2.315,0.30165912518853694,3.479768260380215,3.4811479443348943,-0.0003963301694558504,-1.0675636558641977,0.9860038850441433
2.32,0.30120481927710846,3.48717479273217,3.488581163046918,-0.00040313532895409985,-1.067548864256417,0.9857027519866876
2.325,0.3007518796992481,3.4945880480507525,3.4960209287102764,-0.00040986043526131187,-1.0675338612583989,0.9854022301379664
2.33,0.3003003003003003,3.502008017134871,3.503467233206976,-0.00041650627078063763,-1.0675186489577537,0.9851023183690807
2.335,0.29985007496251875,3.5094346908222414,3.5109200684513273,-0.00042307361037164325,-1.0675032294228428,0.9848030155466161
2.34,0.29940119760479045,3.5168680599891666,3.518379426389756,-0.00042956322142324215,-1.0674876047029713,0.9845043205327699
2.345,0.2989536621823617,3.5243081155503115,3.525845299000611,-0.00043597586392545495,-1.0674717768285802,0.9842062321854766
2.35,0.29850746268656714,3.531754848458484,3.5333176782939724,-0.0004423122905390051,-1.0674557478114368,0.9839087493585322
2.355,0.29806259314456035,3.5392082497044197,3.54079655631147,-0.00044857324666653937,-1.0674395196448212,0.9836118709017145
2.36,0.2976190476190476,3.5466683103165635,3.548281925126093,-0.00045475947052094274,-1.0674230943037117,0.9833155956609025
2.365,0.2971768202080238,3.554135021360853,3.5557737768420066,-0.00046087169319553056,-1.0674064737449696,0.9830199224781955
2.37,0.29673590504451036,3.5616083739405027,3.5632721035943655,-0.00046691063873135255,-1.0673896599075183,0.982724850192027
2.375,0.2962962962962963,3.5690883591957934,3.570776897549135,-0.0004728770241850039,-1.0673726547125244,0.98243037763728
2.38,0.2958579881656805,3.5765749683038592,3.5782881509029076,-0.00047877155969569286,-1.067355460063574,0.982136503645398
2.3850000000000002,0.2954209748892171,3.584068192478476,3.5858058558827257,-0.00048459494855219087,-1.067338077846848,0.9818432270444959
2.39,0.2949852507374631,3.5915680229698523,3.593330004745899,-0.0004903478872576869,-1.067320509931296,0.9815505466594673
2.395,0.29455081001472755,3.59907445106442,3.60086058977983,-0.0004960310655956558,-1.067302758168807,0.981258461312093
2.4,0.29411764705882354,3.6065874680846295,3.6083976033018383,-0.0005016451666946296,-1.0672848243943798,0.9809669698211441
2.4050000000000002,0.29368575624082227,3.6141070653887417,3.6159410376589847,-0.0005071908670917648,-1.0672667104262894,0.980676071002486
2.41,0.29325513196480935,3.6216332343706235,3.6234908852278958,-0.0005126688367964426,-1.067248418066254,0.9803857636691804
2.415,0.29282576866764276,3.6291659664595444,3.631047138414595,-0.000518079739353654,-1.0672299490995985,0.9800960466315848
2.42,0.29239766081871343,3.6367052531199757,3.6386097896543297,-0.0005234242319055856,-1.0672113052954157,0.9798069186974501
2.4250000000000003,0.291970802919708,3.6442510858513883,3.6461788314114023,-0.0005287029652541063,-1.0671924884067288,0.9795183786720187
2.43,0.29154518950437314,3.6518034561880506,3.653754256178997,-0.0005339165839211008,-1.0671735001706475,0.9792304253581187
2.435,0.29112081513828236,3.6593623556988346,3.661336056479019,-0.0005390657262099537,-1.0671543423085263,0.9789430575562574
2.44,0.29069767441860467,3.6669277759870145,3.6689242248619243,-0.0005441510242651385,-1.0671350165261198,0.9786562740647139
2.445,0.29027576197387517,3.674499708690071,3.6765187539065525,-0.0005491731041317462,-1.067115524513735,0.9783700736796289
2.45,0.2898550724637681,3.6820781454794997,3.6841196362199677,-0.0005541325858143517,-1.067095867946384,0.9780844551950948
2.455,0.2894356005788712,3.6896630780606103,3.6917268644372907,-0.0005590300833360641,-1.0670760484839337,0.9777994174032427
2.46,0.28901734104046245,3.6972544981723408,3.6993404312215405,-0.0005638662047955964,-1.0670560677712537,0.9775149590943274
2.465,0.28860028860028863,3.704852397587062,3.7069603292634716,-0.000568641552424775,-1.0670359274383647,0.9772310790568149
2.47,0.2881844380403458,3.712456768110389,3.7145865512814162,-0.0005733567226458837,-1.0670156291005817,0.9769477760774626
2.475,0.28776978417266186,3.720067601580989,3.7222190900211225,-0.0005780123061271703,-1.066995174358659,0.976665048941404
2.48,0.28735632183908044,3.7276848898703956,3.7298579382556016,-0.0005826088878393976,-1.066974564798932,0.9763828964322276
2.485,0.28694404591104733,3.7353086248828227,3.737503088784968,-0.0005871470471102129,-1.066953801993457,0.9761013173320565
2.49,0.28653295128939826,3.742938798554977,3.7451545344362867,-0.0005916273576794481,-1.0669328875001514,0.975820310421627
2.495,0.28612303290414876,3.7505754028558704,3.752812268063415,-0.0005960503877533227,-1.0669118228629304,0.9755398744803644
2.5,0.2857142857142857,3.758218429786644,3.760476282546856,-0.0006004167000576796,-1.0668906096118427,0.9752600082864594
