a,z,E2,H_km_s_Mpc,ash_source_E,w_ash,q,t_Gyr_since_a_min,chi_Mpc_from_a_min
0.0010000000000000002,998.9999999999998,405000000.68490964,1408722.8270160377,1.0103314362820142,-1.0059824557250368,0.6111111084615715,0.0,0.0
0.001013939457675292,985.2521794868783,387338013.0429817,1377663.3347485918,1.0105838218860066,-1.0060463249201923,0.6099193842933346,9.716413642785395e-06,2.95850159998085
0.0010280732238308657,971.6933615426169,370458437.65326726,1347310.7824481365,1.0108389614579834,-1.006110656608505,0.6087368680395286,1.9651802359857234e-05,5.942088401857944
0.001042404007021557,958.320947793824,354326002.46683806,1317648.4402478177,1.0110968764393693,-1.0061754492107837,0.6075635653933773,2.981093480734058e-05,8.950923848893021
0.0010569345535579883,945.132375589077,338907055.8023914,1288659.991398708,1.0113575882451418,-1.006240701020188,0.6063994802095749,4.019868094821901e-05,11.985172324350566
0.0010716676480328634,932.1251175078249,324169490.43695176,1260329.521649423,1.0116211182588972,-1.0063064102012589,0.6052446145131682,5.0820014181031245e-05,15.044999161296904
0.0010866061138545978,919.2966808760411,310082671.322856,1232641.5089075956,1.011887487827831,-1.0063725747879098,0.6040989685439655,6.168001351328978e-05,18.13057065247544
0.0011017528137883873,906.6446072885358,296617366.75451344,1205580.8131755895,1.0121567182576472,-1.0064391926773641,0.6029625407920634,7.278386578055921e-05,21.242054060256407
0.001117110650504824,894.1664721378303,283745682.8171598,1179132.6667530176,1.0124288308073872,-1.0065062616369256,0.6018353280244924,8.413686791216012e-05,24.379617626661933
0.0011326825671361545,881.8598841495144,271441000.95814776,1153282.6646988692,1.0127038466841813,-1.0065737792950624,0.6007173253029805,9.57444292444697e-05,27.543430583463053
0.0011484715478402897,869.7224849239916,259677918.52918696,1128016.755546218,1.0129817870379267,-1.0066417431415748,0.5996085260194803,0.00010761207388282209,30.733663162348616
0.0011644806183726862,857.7519484845174,248432192.1554293,1103321.232262664,1.0132626729558913,-1.0067101505293152,0.5985089219316961,0.00011974544311303894,33.950486605167654
0.0011807128466661898,845.9459808314588,237680683.79443485,1079182.7234498942,1.0135465254572436,-1.0067789986696436,0.5974185031542021,0.0001321502978636182,37.19407317424034
0.0011971713434189674,834.3023195026775,227401309.35478184,1055588.1847758768,1.0138333654875102,-1.0068482846294082,0.5963372582827873,0.0001448325212196581,40.46459616274012
0.0012138592626906284,822.8187331399605,217572989.75052315,1032524.8906334236,1.0141232139129654,-1.0069180053333928,0.5952651742878743,0.0001577981209895937,43.76222990514372
0.001230779802506665,811.4930210614052,208175604.27376947,1009980.4260189751,1.014416091514949,-1.0069881575634738,0.5942022366832731,0.00017105323232586807,47.08714978775132
0.001247936205471312,800.3230128396883,199189946.1734916,987942.6786256928,1.014712018984116,-1.0070587379519924,0.5931484294551268,0.00018460412040065903,50.439532259273214
0.0012653317593889434,789.3065678861345,190597680.33412308,966399.8311450614,1.0150110169146236,-1.007129742984237,0.5921037351240841,0.00019845718313781907,53.81955484148236
0.001282969797894148,778.4415750404947,182381302.95276412,945340.3537713516,1.0153131057982498,-1.0072011689983709,0.5910681348163536,0.0002126189540022249,57.22739613993614
0.0013008537010905721,767.7259521663726,174524103.1187775,924752.9969035028,1.015618306018452,-1.0072730121810411,0.5900416082192947,0.0002270961048477211,60.66323585476117
0.0013189868961986707,757.1576457522109,167010126.20426294,904626.7840390801,1.0159266378443608,-1.0073452685680753,0.589024133670236,0.00024189544882489947,64.12725479150339
0.0013373728582124966,746.7346305177587,159824138.9783846,884951.0048551188,1.01623812142472,-1.00741793404372,0.588015688174238,0.00025702394334997853,67.61963487204439
0.0013560151105656336,736.4549090259553,152951596.3627975,865715.2084708387,1.0165527767817608,-1.0074910043384886,0.5870162474040939,0.0002724886931360483,71.14055914557923
0.0013749172258064205,726.3165113001454,146378609.7494487,846909.1968873042,1.016870623805031,-1.0075644750305939,0.5860257857713833,0.0002882969532880074,74.69021179965925
0.0013940828262825784,716.3174944465613,140091916.80589104,828523.0185992819,1.0171916822451614,-1.0076383415394699,0.5850442764442363,0.0003044561324625154,78.26877817129575
0.0014135155848353956,706.455942281988,134078852.69688657,810546.9623746327,1.0175159717075857,-1.0077125991348668,0.5840716913650965,0.0003209737960943451,81.87644475812851
0.0014332192255035751,696.7299649665532,128327322.65456823,792971.5511967527,1.01784351164621,-1.0077872429260264,0.5831080012862486,0.0003378576696905068,85.51339922965374
0.0014531975242368966,687.1376986415664,122825775.83271506,775787.5363656622,1.0181743213570342,-1.0078622678646492,0.5821531758142271,0.0003551156421935799,89.17983043851342
0.0014734543096198355,677.6773050723297,117563180.38383617,758985.8917534616,1.0185084199717325,-1.0079376687486175,0.581207183418698,0.0003727557694157128,92.87592843184765
0.0014939934636052574,668.3469712958663,112528999.70075057,742557.8082100261,1.0188458264511857,-1.0080134402144783,0.5802699914768681,0.00039078627754475466,96.60188446270487
0.0015148189222583468,659.1449092734886,107713169.7671709,726494.6881148804,1.0191865595789802,-1.008089576741891,0.5793415663090116,0.0004092155667240529,100.35789100151378
0.001535934676510898,650.0693555481457,103106077.56450409,710788.1400713366,1.019530637954863,-1.0081660726497859,0.5784218731784705,0.00042805221470744654,104.14414174761325
0.0015573447729261346,641.1185709064761,98698540.48463306,695429.9737390544,1.0198780799881693,-1.0082429221012181,0.5775108763627088,0.00044730498059105674,107.96083164084435
0.0015790533144741765,632.2908400455112,94481786.70089088,680412.1948013316,1.0202289038912116,-1.0083201190973572,0.5766085391444307,0.0004669828086234605,111.80815687319891
0.0016010644613183185,623.5844712439615,90447436.45174153,665727.0000634897,1.020583127672642,-1.008397657479837,0.5757148238559893,0.0004870948320959076,115.68631490052721
0.001623382431612279,614.9977960380165,86587484.1938862,651366.772678836,1.02094076913079,-1.008475530932396,0.5748296919326776,0.0005076503773142683,119.5955044543059
0.0016460115023085504,606.5291689016075,82894281.58361001,637324.0774987943,1.0213018458469731,-1.008553732978907,0.5739531038860832,0.0005286589676544087,123.53592555346238
0.0016689560099780252,598.1769669310618,79360521.24716616,623591.656543859,1.0216663751787887,-1.008632256983214,0.5730850193929058,0.000550130327702762,127.50777951625828
0.0016922203516410376,589.939589534097,75979221.30289215,610162.4245921503,1.0220343742533873,-1.0087110961486647,0.5722253972771938,0.000572074387483868,131.51126897222954
0.0017158089856100052,581.8154581230845,72743710.59954396,597029.4648824005,1.0224058599607302,-1.0087902435252165,0.5713741955636351,0.0005945012867767321,135.54659787418672
0.0017397264323438027,573.803015812535,69647614.63705334,584186.0249283282,1.022780848946838,-1.0088696919966815,0.5705313714953206,0.0006174213795218378,139.61397151027066
0.0017639772753140453,565.9007271207433,66684842.137531936,571625.5124414116,1.023159357607027,-1.0089494342939838,0.5696968815603896,0.00064084523832073,143.71359651606568
0.0017885661618834618,558.1070776755294,63849572.235893644,559341.4913591507,1.0235414020791413,-1.0090294629904488,0.5688706815275566,0.0006647836590301264,147.84568088677258
0.0018134978041964953,550.4205739240302,61136242.2609428,547327.677976018,1.0239269982367845,-1.0091097705013214,0.5680527264549937,0.0006892476654525107,152.01043398943642
0.0018387769800823285,542.8397428464797,58539536.07916761,535577.93717434,1.024316161682549,-1.0091903490844736,0.5672429707525026,0.0007142485141252592,156.20806657523306
0.0018644085339704869,535.363131673924,56054372.97481396,524086.2787524478,1.02470890774125,-1.0092711908454095,0.5664413681637512,0.0007397976992103478,160.4387907918116
0.0018903973778192213,527.9893076098151,53675897.0410756,512846.8538474917,1.0251052514531689,-1.0093522877343648,0.5656478718106825,0.0007659069574867795,164.70282019569703
0.0019167484920568163,520.7168575554346,51399467.05844651,501853.95145040745,1.0255052075673075,-1.0094336315470285,0.5648624342379236,0.0007925882734478538,169.00036976474735
0.0019434669265360215,513.5443878390927,49220646.83742088,491101.99501057045,1.0259087905346511,-1.0095152139270467,0.5640850074127854,0.0008198538845054961,173.33165591066884
0.0019705578015017998,506.47052394904676,47135196.003816806,480585.5391277419,1.026316014501457,-1.0095970263696774,0.563315542734145,0.0008477162863039074,177.69689649159062
0.00199802630857255,499.49391027009557,45139061.20603944,470299.26632899744,1.0267268933025573,-1.0096790602163837,0.5625539911301445,0.000876188238144797,182.09631082469463
0.0020258777117350183,492.6132098237914,43228367.724580266,460237.9839283621,1.027141440454688,-1.0097613066624667,0.5618003029782557,0.0009052827685265698,186.5301196989049
0.0020541173483530654,485.8271040122281,41399411.46499172,450396.6209669644,1.0275596691498499,-1.0098437567585286,0.5610544282385064,0.0009350131807998321,190.9985453876329
0.002082750630190515,479.1342923653453,39648651.316464424,440770.22523155494,1.0279815922486917,-1.0099264014040827,0.5603163163646627,0.000965393058941695,195.50181166158401
0.002111783044448245,472.53349229171147,37972701.858988784,431353.9603493227,1.0284072222739384,-1.0100092313609403,0.5595859164374559,0.0009964362734513278,200.04014380161993
0.00214122015481573,466.02343883273335,36368326.40288671,422143.102956977,1.028836571403849,-1.0100922372439176,0.558863177093528,0.001028156987369322,204.6137686116791
0.0021710676025372654,459.6028844202402,34832430.34526894,413133.0399421206,1.0292696514657205,-1.0101754095310307,0.5581480466142494,0.001060569662423484,209.22291443175854
0.002201331107493031,453.2705986374046,33362054.828707527,404319.26575500565,1.0297064739294362,-1.0102587385610493,0.5574404728990743,0.001093689065303677,213.86781115095272
0.002232016469295235,447.0253679829489,31954370.68810718,395697.3797888042,1.0301470499010625,-1.010342214534735,0.5567404035277121,0.0011275302740684392,218.54869022055186
0.00226312956839953,440.86599563859403,30606672.672423046,387263.08382658026,1.0305913901164954,-1.010425827523877,0.5560477857601285,0.0011621086846861348,223.2657846671997
0.0022946763672319365,434.79130123970293,29316373.928502623,379012.1795531944,1.031039504935165,-1.0105095674610665,0.555362566554308,0.001197440017713481,228.01932910611282
0.00232666291133146,428.8001206490795,28081000.734931745,370940.5661304322,1.0314914043338002,-1.010593424154889,0.5546846925929003,0.0012335403251143044,232.80955975435842
0.002359095330508636,422.8913057338779,26898187.474334646,363044.237833683,1.03194709790025,-1.0106773872843187,0.5540141103098648,0.001270425997221481,237.6367144441922
0.00239197984002024,417.06372414557575,25765671.833121896,355319.2817485385,1.0324065948273766,-1.0107614464035442,0.5533507659082346,0.0013081137698450877,242.50103263646017
0.002425322741760353,411.31625910297527,24681290.21820028,347761.8755257416,1.0328699039070124,-1.0108455909453182,0.5526946053334711,0.00134662073152979,247.40275543405846
0.0024591304254680457,405.6478091781855,23642973.38064918,340368.28519293776,1.0333370335239926,-1.0109298102201014,0.552045574397809,0.0013859643309646378,252.34212559545733
0.0024934093699518797,400.0572880855497,22648742.236839563,333134.8630217406,1.0338079916502618,-1.0110140934240823,0.5514036186736746,0.0014261623845484325,257.319387548285
0.0025281661443315,394.54362447347023,21696703.87791682,326058.0454486477,1.0342827858390589,-1.0110984296386336,0.5507686836180312,0.0014672330841139728,262.3347874029775
0.0025634074092965166,389.10576171909906,20785047.758996546,319134.35104839946,1.0347614232191835,-1.01118280783118,0.5501407145013246,0.0015091950048144668,267.38857296648837
0.0025991399183829347,383.74265772585034,19912042.05982571,312360.3785583984,1.035243910489351,-1.011267216864346,0.5495196565051828,0.0015520671131755354,272.480993756063
0.002635370519267395,378.45328472369397,19076030.209047966,305732.8049528461,1.0357302539126276,-1.011351645490427,0.5489054546868886,0.001595868775316302,277.6123010130787
0.002672106155079434,373.23662907219824,18275427.564580586,299248.3835652999,1.0362204593109656,-1.0114360823633488,0.5482980540149072,0.0016406197653430709,282.78274771694686
0.0027093538657320527,368.0916910662777,17508718.242958758,292903.94225837576,1.0367145320598252,-1.0115205160363767,0.5476973993511223,0.0016863402739192579,287.99258859908224
0.002747120789270813,363.01748474461397,16774452.090837639,286696.381639365,1.0372124770828983,-1.011604934965793,0.547103435539654,0.0017330509170152336,293.2420801569355
0.0027854141632417673,358.01303770070706,16071241.792158745,280622.6733205602,1.0377142988469268,-1.0116893275140784,0.5465161073535683,0.0017807727448419075,298.5314806680957
0.0028242413260784363,353.07739089652694,15397760.104791159,274679.85822312615,1.0382200013566276,-1.0117736819563636,0.5459353595392855,0.0018295272509718493,303.8610502044564
0.0028636097185081168,348.20959847872706,14752737.220744802,268865.044923377,1.038729588149719,-1.0118579864786157,0.5453611368343445,0.001879336381651909,309.2310506464493
0.0029035268849778146,343.40872759738227,14134958.244327387,263175.408040349,1.0392430622920585,-1.0119422291859166,0.5447933839674022,0.001930222545311379,314.64174569734877
0.002944000475100037,338.6738582272206,13543260.782879073,257608.18666359858,1.0397604263728841,-1.0120263981037705,0.5442320456759973,0.0019822086222697566,320.093400897642
0.002985038245118733,334.0040829913132,12976532.644966727,252160.68282017513,1.0402816825001746,-1.0121104811789605,0.5436770667243138,0.0020353179746483057,325.58628363946866
0.003026648059395692,329.39850698718584,12433709.64115689,246830.25997974552,1.04080683229612,-1.0121944662907538,0.5431283919387084,0.00208957445648974,331.12066318113284
0.003068837891917642,324.8562476153227,11913773.482713558,241614.3415968854,1.0413358768927095,-1.0122783412443799,0.542585966172183,0.0021450024240903236,336.6968106616831
0.0031116158278243627,320.37643441002757,11415749.7737809,236510.40968956612,1.0418688169274397,-1.01236209378389,0.542049734339912,0.0022016267465488995,342.314999115565
0.0031549900649580883,315.9582088726115,10938706.092817161,231516.0034529019,1.04240565253914,-1.0124457115885148,0.5415196414370058,0.0022594728165373575,347.9755034873437
0.003198968915434537,311.6007243068704,10481750.159240533,226628.71790723834,1.042946383363924,-1.012529182281939,0.5409956325740382,0.00231856656129725,353.67860064650284
0.0032435608072358107,307.3031456568278,10044028.081435211,221846.2025796983,1.043491008531264,-1.0126124934350311,0.5404776529326369,0.002378934453867223,359.42456940231324
0.0032887742858255125,303.06464934670663,9624722.682442287,217166.16021831578,1.0440395266601907,-1.012695632564177,0.5399656478010115,0.0024406035245461595,365.21369051877724
0.003334618015786365,298.88442312310286,9223051.899830021,212586.34553791807,1.0445919358556182,-1.012778587142719,0.5394595626183616,0.0025036013725969484,371.04624672964616
0.003381100782480687,294.7616658993252,8838267.25639851,208104.56399693087,1.0451482337048044,-1.012861344599012,0.53895934293935,0.002567956178195985,376.9225227535173
0.0034282314937339724,290.6955876018794,8469652.398528667,203718.67060431762,1.0457084172739335,-1.0129438923260454,0.5384649344607482,0.0026336967146334592,382.8428053090013
0.0034760191815419793,286.6854090190593,8116521.699130294,199426.56875586676,1.0462724831048351,-1.013026217677003,0.5379762830303179,0.002700852360769811,388.80738312997227
0.003524473003801586,282.7303616516213,7778218.922285125,195226.20909907846,1.0468404272118328,-1.0131083079794292,0.5374933346734565,0.0027694531137536275,394.8165469808919
0.003573602246065786,278.82968756551173,7454115.946812797,191115.5884259123,1.0474122450787267,-1.0131901505293768,0.5370160355665519,0.002839529602006531,400.87058967221344
0.003623416323323151,274.98263924661796,7143611.546114995,187092.74859267924,1.0479879316559086,-1.0132717326006144,0.5365443320902727,0.002911113098480639,406.96980607586573
0.003673924781802075,271.1884794575179,6846130.221774023,183155.77546638466,1.048567481357615,-1.013353041446451,0.5360781707940419,0.002984235534194286,413.11449314081466
0.003725137300800214,267.4464810961962,6561121.088496848,179302.79789683863,1.0491508880593097,-1.0134340643075799,0.5356174984315629,0.0030589295120519405,419.3049499087109
0.003777063694539369,263.75592705670664,6288056.808106548,175531.98671388096,1.0497381450952066,-1.0135147884088838,0.5351622619785843,0.003135228320954127,425.5414775296128
0.0038297139140462816,260.1161100917459,6026432.57038668,171841.55374907062,1.0503292452559254,-1.013595200971129,0.5347124085973718,0.003213165950203612,431.8243792777982
0.0038830980490596055,256.5263326771201,5775765.118685219,168229.75088122068,1.0509241807862821,-1.0136752892077734,0.5342678856988812,0.003292777104213922,438.1539605676552
0.003937226329963483,252.9859068780724,5535591.818279145,164694.86910516614,1.0515229433832185,-1.013755040331268,0.5338286408983492,0.0033740972175266325,444.53052896965994
0.003992109129748053,249.49415421745027,5305469.765592173,161235.23762317482,1.0521255241938636,-1.01383444156187,0.5333946220685846,0.0034571624701438433,450.95439422643693
0.004047756965997322,246.05040554568257,5084974.936444332,157849.22295842075,1.0527319138137312,-1.0139134801226704,0.5329657773133221,0.0035420098031825305,457.4258682689094
0.0041041805029047125,242.65400091254642,4873701.371595319,154535.22808996355,1.0533421022850522,-1.013992143248591,0.5325420549849866,0.0036286769348574444,463.9452652325336
0.00416139055331671,239.30428944069678,4671260.397921889,151291.69160868437,1.0539560790952418,-1.0140704181899227,0.5321234037024567,0.003717202376799471,470.5129014736198
0.004219398080805028,236.00062920093282,4477279.883644794,148117.0868936447,1.0545738331754968,-1.0141482922142582,0.5317097723244189,0.0038076254507165715,477.129095585747
0.004278214201767616,232.74238708918153,4291403.526092916,145009.9213083549,1.0551953528995293,-1.0142257526113247,0.5313011100026586,0.0038999863054043596,483.794168416262
0.004337850187558988,229.52893870517087,4113290.170560036,141968.73541644364,1.0558206260824288,-1.0143027866949392,0.5308973661554148,0.003994325934113757,490.508443082872
0.004398317466650227,226.35966823277158,3942613.1588754226,138992.1022162395,1.0564496399796566,-1.0143793818087785,0.5304984904496166,0.004090686192283168,497.2722449903281
0.004459627626819094,223.23396832198458,3779059.706371415,136078.62639378724,1.057082381286165,-1.0144555253294687,0.5301044328808189,0.004189109815642819,504.085901847199
0.004521792417370704,220.15123997254878,3622330.3059905507,133226.9435938305,1.0577188361356507,-1.014531204668329,0.5297151437021483,0.004289640438699142,510.94974368274325
0.004584823751389098,217.11089241915192,3472138.1583317257,130435.71970831248,1.058358990099927,-1.014606407273722,0.5293305734687124,0.0043923226136070356,517.8641028638685
0.004648733708020258,214.11234301821665,3328208.6264884495,127703.65018194822,1.0590028281884258,-1.0146811206398756,0.528950673037599,0.00449720182943832,524.8293141121936
0.004713534534786909,211.15501713624514,3190278.714584348,125029.45933444367,1.0596503348478197,-1.0147553323031486,0.5285753935501134,0.004604324531854535,531.8457145212003
0.0047792386499355966,208.23834803969785,3058096.5689598853,122411.89969894037,1.0603014939617623,-1.0148290298504725,0.5282046864673049,0.004713738143192663,538.9136435734857
0.004845858644816497,205.36177678638583,2931421.001011398,119849.75137627884,1.0609562888507538,-1.0149022009186586,0.5278385035433217,0.004825491082972436,546.0334431581128
0.004913407286296363,202.52475211835772,2810021.0307284254,117341.82140468626,1.0616147022721132,-1.0149748332015087,0.5274767968787017,0.004939632788833981,553.2054575880562
0.004981897519205166,199.7267303562568,2693675.450017792,114886.94314449829,1.0622767164200753,-1.0150469144479666,0.5271195188581999,0.0050562137379150125,560.4300336177547
0.005051342468816767,196.96717529513325,2582172.4049441456,112483.975677544,1.062942312925988,-1.0151184324691591,0.5267666221863152,0.005175285468676554,567.7075204607568
0.0051217554433642416,194.24555810168607,2475308.9960551034,110131.80322082268,1.063611472858629,-1.015189375137288,0.526418059896173,0.005296900603186851,575.0382698074753
0.005193149936590213,191.56135721291986,2372890.895996799,107829.3345541199,1.0642841767246225,-1.0152597303921276,0.5260737853495243,0.005421112869872883,582.4226358430407
0.0052655396303327604,188.91405823619337,2274731.983660743,105575.50246121324,1.0649604044689607,-1.0153294862410374,0.5257337522367465,0.00554797712674941,589.8609752652592
0.005338938397147355,186.3031538506437,2180653.994137024,103369.26318433066,1.0656401354756262,-1.0153986307616094,0.525397914559079,0.005677549385135491,597.3536473026752
0.00541336030296538,183.72814370996346,2090486.1837809947,101209.59589153033,1.0663233485683148,-1.015467152106689,0.5250662266641513,0.005809886833868824,604.9010137327431
0.005488819609789675,181.18853434651658,2004065.0097316855,99095.50215668348,1.0670100220112477,-1.0155350385011808,0.524738643245982,0.0059450478640281955,612.5034389001019
0.00556533077842765,178.683839076772,1921233.8232494523,97026.00545174637,1.067700133510082,-1.015602278251245,0.5244151193094524,0.006083092094174779,620.1612897349582
0.005642908471262541,176.2135779080359,1841842.5762685274,95000.15065101626,1.0683936602129012,-1.0156688597412653,0.5240956102058334,0.006224080396123238,627.8749357715826
0.00572156755506325,173.77727744646813,1765747.5405871212,93017.00354707678,1.0690905787112996,-1.0157347714375051,0.5237800716239036,0.006368074921253602,635.6447491669103
0.005801323103833382,171.3744708063619,1692811.0391431896,91075.6503781424,1.0697908650415422,-1.0158000018899567,0.5234684595899495,0.006515139127375376,643.4711047192571
0.005882190401699959,169.00469752067173,1622901.1888485944,89175.19736652178,1.0704944946858024,-1.0158645397344235,0.5231607305032924,0.0066653378061553884,651.3543798871438
0.0059641849458424625,166.66750345277,1555891.6544776289,87314.7702679242,1.0712014425734797,-1.0159283736937457,0.5228568410563526,0.006818737111121331,659.2949548082383
0.006047322449462651,164.362440709418,1491661.4131283665,85493.5139313445,1.0719116830825823,-1.0159914925791418,0.5225567483057034,0.0069754045862529075,667.2932123184089
0.006131618844795777,162.08906755493322,1430094.5287964593,83710.59186926497,1.072625190041179,-1.016053885294349,0.5222604096720715,0.00713540919517299,675.3495379708905
0.006217090286163829,159.84694832653562,1371079.9366213905,81965.18583792032,1.0733419367289145,-1.016115540831992,0.5219677828959277,0.0072988213509514776,683.4643200555744
0.006303753153071277,157.6356533508591,1314511.2363847333,80256.49542738078,1.074061895878585,-1.0161764482792028,0.5216788260818959,0.007465712946534494,691.6379496184077
0.0063916240533440066,155.45475886160955,1260286.4948583723,78583.73766121094,1.0747850396777658,-1.0162365968184308,0.5213934976721077,0.007636157385812259,699.870820480917
0.006480719826311971,153.30384691835644,1208308.05661852,76946.14660547173,1.0755113397704954,-1.016295975723534,0.5211117564373211,0.007810229615338828,708.1633292598456
0.006571057546036272,151.18250532643867,1158482.3629581528,75342.97298683501,1.0762407672590029,-1.0163545743679891,0.5208335615390922,0.007988006156717636,716.5158753869188
0.006662654524581156,149.09032755797352,1110719.778546828,73773.48381959103,1.07697329270548,-1.0164123822220021,0.520558872440958,0.00816956513966653,724.9288611287247
0.0067555283153316464,147.02691267395085,1064934.4255021608,72236.96204133025,1.0777088861338946,-1.0164693888513727,0.5202876489883721,0.008354986335776712,733.4026916067191
0.006849696716357446,144.99186524739787,1021044.0245520399,70732.70615708828,1.0784475170318346,-1.0165255839225156,0.5200198513554142,0.008544351192980184,741.9377748173571
0.0069451777738236955,142.98479528760083,978969.7429808183,69260.02989174932,1.0791891543523895,-1.0165809571985032,0.519755440080317,0.008737742870740414,750.5345216523461
0.007041989785449294,141.0053181653682,938636.0490660918,67818.26185050639,1.079933766516053,-1.0166354985437165,0.5194943760032942,0.00893524627598151,759.1933459190274
0.007140151304013401,139.053054539322,899970.5727256319,66406.74518718407,1.0806813214126498,-1.016689197919889,0.5192366203731211,0.009136948099771312,767.9146643608808
0.007239681140910875,137.12763028320097,862903.9721062445,65024.83728023161,1.0814317864032845,-1.016742045388582,0.5189821347494359,0.009342936854774383,776.6988966781644
0.007340598369757216,135.2286764141646,827369.8058581855,63671.909416202594,1.0821851283222972,-1.0167940311137278,0.5187308810205025,0.00955330291349081,785.5464655486775
0.0074429223300437625,133.35582902208256,793304.4108498896,62347.34648053964,1.082941313479237,-1.016845145355271,0.5184828214742652,0.00976813854729744,794.4577966486546
0.007546672630843891,131.5087291997953,760646.785088524,61050.546655486774,1.0837003076608367,-1.0168953784743011,0.5182379186828854,0.009987537966308467,803.4333186737957
0.007651869154570822,129.6870229743347,729338.4756221684,59780.921124959474,1.0844620761329888,-1.0169447209296543,0.5179961355826777,0.010211597360072355,812.4734633604236
0.0077585320607878325,127.89036123908934,699323.4712091513,58537.89378620349,1.0852265836427204,-1.0169931632805487,0.5177574354829915,0.010440414939122787,821.5786655067776
0.007866681790071585,126.11839968690283,670548.0995494723,57320.90096807982,1.0859937944201594,-1.0170406961833014,0.5175217819862752,0.010674090977401528,830.7493629944428
0.007976339067929283,124.37079874409194,642960.9288821768,56129.39115581663,1.0867636721804925,-1.0170873103918825,0.5172891390502485,0.010912727855571432,839.9859968099121
0.008087524908770459,122.64722350537149,616512.6737610801,54962.82472207276,1.0875361801259023,-1.017132996756782,0.5170594709879026,0.01115643010523837,849.2890110662892
0.008200260619934133,120.9473436696738,591156.104829425,53820.67366416164,1.0883112809474897,-1.0171777462246863,0.516832742423091,0.011405304454101107,858.6588530251288
0.008314567805772066,119.27083347685118,566845.9624218702,52702.421347288815,1.089088936827171,-1.0172215498377843,0.5166089183527021,0.011659459872048488,868.0959731184141
0.00843046837178897,117.61737164524789,543538.87382964,51607.562253658485,1.0898691094395438,-1.017264398731685,0.5163879640667233,0.011919007618223973,877.6008249706772
0.008547984528840414,115.9866413101307,521193.2740718275,50535.60173730946,1.090651759953727,-1.0173062841347011,0.5161698452192951,0.012184061289077706,887.1738654212597
0.008667138797389241,114.37832996296598,499769.33002265444,49486.055784544056,1.0914368490351583,-1.0173471973653287,0.5159545277665387,0.012454736867426838,896.8155545467164
0.008787954011821319,112.79212939153152,479228.86775099766,48458.4507798164,1.0922243368473545,-1.0173871298364778,0.5157419780198467,0.012731152772545289,906.526355683362
0.00891045332482152,111.22773562085072,459535.30293472623,47452.32327694987,1.0930141830536297,-1.0174260730458526,0.5155321626014739,0.013013429911304684,916.3067354499696
0.009034660211810533,109.68484885494122,440653.57421839196,46467.219775559206,1.0938063468187593,-1.0174640185782864,0.5153250484711833,0.013301691730387963,926.1571637706007
0.009160598475443708,108.1631734193615,422550.0793884131,45502.69650255053,1.0946007868105978,-1.0175009581091188,0.5151206029084818,0.013596064269599023,936.0781138975995
0.009288292250172497,106.66241770454936,405192.61424545076,44558.319198581856,1.095397461201639,-1.0175368833909655,0.5149187935215025,0.013896676216290604,946.0700624347234
0.009417766006869516,105.1822941099385,388550.31405879656,43633.6629093651,1.096196327670515,-1.0175717862633864,0.5147195882292408,0.014203658960934297,956.133489360429
0.009549044557518085,103.72251898884346,372593.59749260754,42728.311781695484,1.096997343403432,-1.0176056586429867,0.5145229552704365,0.014517146653856547,966.2688780513083
0.009682153059967082,102.2828125941029,357294.1128985799,41841.85886409735,1.0978004650955426,-1.017638492527695,0.5143288632035734,0.014837276263164924,976.476715305672
0.009817117022752198,100.8628990244687,342624.6868741753,40973.90591197596,1.0986056489522424,-1.017670279988368,0.514137280897998,0.015164187633890071,986.7574913672955
0.009953962309984238,99.46250617173409,328559.274989919,40124.06319717138,1.0994128506903962,-1.0177010131722593,0.5139481775339192,0.01549802354836817,997.1116999493079
0.010092715146305713,98.08136566858671,315072.9145933815,39291.949321808526,1.1002220255394854,-1.017730684298209,0.5137615226201717,0.015838929787890643,1007.539838258246
0.010233402121916417,96.71921283718002,302141.679601497,38477.19103634432,1.101033128242675,-1.0177592856509996,0.5135772859409258,0.0161870551956471,1018.0424070182587
0.01037605019766912,95.37578663841086,289742.63719663164,37679.42306171228,1.1018461130577937,-1.0177868095881337,0.5133954376267411,0.016542551740989012,1028.6199104954717
0.010520686710236232,94.05082962189509,277853.8063454814,36898.287915469184,1.1026609337582314,-1.0178132485271811,0.5132159480568674,0.016905574585041543,1039.272856522508
0.010667339377348583,92.7440878766299,266454.1180633369,36133.43574184927,1.1034775436337427,-1.017838594950174,0.5130387879658258,0.017276282147692185,1050.0017565231751
0.010816036303107106,91.45531098233569,255523.37734960867,35384.52414563579,1.1042958954911575,-1.0178628413967374,0.512863928345709,0.017654836175984536,1060.8071255373045
0.010966805983368686,90.1842519614657,245042.22672365673,34651.21802975933,1.1051159416549954,-1.017885980466171,0.512691340517236,0.018041401813947255,1071.6894822457607
0.01111967731120699,88.93066723187623,234992.1112930444,33933.18943653716,1.1059376339679812,-1.0179080048084286,0.512520996067579,0.018436147673887838,1082.64934899561
0.011274679582449463,87.69431656014712,225355.24528922653,33230.117392468084,1.1067609237914566,-1.017928907127725,0.5123528668770092,0.018839245909182175,1093.6872518254531
0.011431842501291502,86.47496301554416,216114.58000847814,32541.687756500014,1.1075857620056897,-1.0179486801751145,0.5121869251455422,0.0192508722885912,1104.8037204909274
0.011591196185988866,85.27237292461443,207253.77309853514,31867.593071689964,1.1084120990100754,-1.0179673167485102,0.5120231433130016,0.019671206272136556,1115.9992884903702
0.01175277117462945,84.08631582640582,198757.15913396087,31207.53242017716,1.1092398847232252,-1.017984809685979,0.5118614941211916,0.020100431088568124,1127.2744930906538
0.011916598430985597,82.91656442830156,190609.72142569386,30561.211281392298,1.110069068582948,-1.0180011518676146,0.5117019506050156,0.02053873381445689,1138.6298753531944
0.012082709350447769,81.76289456246346,182797.06501258112,29928.341393429197,1.1108995995461124,-1.0180163362107262,0.5115444860569482,0.020986305454946497,1150.0659801601155
0.012251135766041187,80.62508514287231,175305.39078489417,29308.640617503595,1.1117314260883964,-1.0180303556631307,0.5113890740536817,0.021443341026199474,1161.5833562406015
0.01242190995452617,79.50291812295984,168121.47069200594,28701.8328054295,1.1125644962039134,-1.018043203205767,0.5112356884294798,0.02191003963957256,1173.1825561974103
0.012595064642583573,78.39617845382286,161232.6239884174,28107.647670042494,1.1133987574047255,-1.0180548718461497,0.5110843033205867,0.022386604587557993,1184.864136533566
0.012770633013086442,77.30465404301187,154626.69447429065,27525.820658502158,1.1142341567202259,-1.0180653546140903,0.5109348930852917,0.022873243431527565,1196.6286576792231
0.012948648711459055,76.22813571388639,148292.0286885146,26956.092828407487,1.1150706406964008,-1.018074644561906,0.5107874323661008,0.023370168091317204,1208.4766840187067
0.013129145852124659,75.16641716552888,142217.45501411334,26398.210726660156,1.1159081553949683,-1.0180827347608565,0.5106418960808554,0.023877594936690835,1220.4087839177307
0.013312159025043083,74.11929493320966,136392.2636575257,25851.926271012686,1.1167466463923859,-1.0180896182932813,0.510498259351678,0.024395744880722835,1232.425529750795
0.013497723302339424,73.08656834939565,130806.18746492153,25316.99663423992,1.1175860587787299,-1.0180952882527832,0.5103564976204353,0.024924843475139097,1244.5274979287576
0.013685874245025183,72.06803950529503,125449.38354028447,24793.18413087343,1.1184263371564485,-1.0180997377429808,0.5102165865243933,0.02546512100765801,1256.7152689265897
0.013876647909813088,71.0635132129305,120312.41563149393,24280.25610644007,1.1192674256389799,-1.0181029598700828,0.5100785019761531,0.026016812601373226,1268.9894273113111
0.014070080856026852,70.07279696773418,115386.23725207719,23777.984829147703,1.120109267849241,-1.0181049477399053,0.5099422201192425,0.02658015831622074,1281.3505617701053
0.014266210152607385,69.09570091165617,110662.1755076679,23286.14738396141,1.1209518069179802,-1.018105694459536,0.5098077173547608,0.027155403252574557,1293.7992651386244
0.014465073385216472,68.13203779678128,106131.91559753686,22804.525569016572,1.1217949854820017,-1.0181051931249603,0.5096749702880885,0.0277427976570146,1306.336134429467
0.014666708663439686,67.18162294944479,101787.48596280017,22332.90579431438,1.122638745682251,-1.0181034368253636,0.5095439557821777,0.02834259703031352,1318.9617708608532
0.014871154628089538,66.24427423484249,97621.24405413386,21871.078982648658,1.1234830291617666,-1.0181004186375806,0.509414650930907,0.028955062237687856,1331.6767798854773
0.01507845045861051,65.31981202212675,93625.8626929618,21418.840472712633,1.1243277770634983,-1.0180961316218846,0.5092870330413177,0.029580459621361615,1344.4817712195497
0.015288635880587308,64.40805914998253,89794.31700119465,20975.989924336198,1.1251729300279885,-1.0180905688172694,0.5091610796513777,0.030219061115490553,1357.377358872028
0.015501751173357715,63.508840892676886,86119.87187565265,20542.331225805363,1.126018428190918,-1.018083723240525,0.5090367685210992,0.030871144363496392,1370.3641611740343
0.015717837177731626,62.621984926574896,82596.06998431304,20117.67240321638,1.1268642111805178,-1.0180755878820271,0.5089140775970122,0.0315369928378618,1383.442800808463
0.015936935303817755,61.74732129711577,79216.72026249212,19701.825531818402,1.127710218114844,-1.018066155702337,0.5087929850743365,0.03221689596243775,1396.613904839787
0.016159087538959185,60.88468238624385,75975.8868880034,19294.606649300127,1.128556387598917,-1.0180554196267206,0.508673469343691,0.03291114923731483,1409.878104744037
0.01638433645577984,60.033902880286234,72867.8787152063,18895.83567097552,1.1294026577217295,-1.0180433725459108,0.5085555089999758,0.03362005436631392,1423.2360364389929
0.016612725220342923,59.19481973827277,69887.23914872418,18505.336306826433,1.1302489660531163,-1.0180300073089381,0.5084390828157268,0.03434391938714958,1436.6883403145562
0.01684429760042316,58.36727216069123,67028.73643841209,18122.935980359784,1.131095249640493,-1.0180153167217885,0.5083241698032879,0.03508305880432284,1450.2356612633212
0.017079097973894276,57.551101558672414,64287.354377937605,17748.46574923856,1.1319414450054608,-1.0179992935426856,0.5082107491259933,0.03583779372480022,1463.8786487113348
0.017317171337233553,56.74615152359818,61658.28339007825,17381.760227646202,1.1327874881402824,-1.017981930480147,0.5080988001425766,0.0366084519965379,1477.6179566490637
0.017558563314144696,55.95226779712822,59136.911982559664,17022.657510346096,1.1336333145042228,-1.0179632201883124,0.5079883024338159,0.0373953683499094,1491.4542436625416
0.017803320164301143,55.16929824163808,56718.81855892989,16670.999098397086,1.1344788590197663,-1.0179431552658575,0.5078792356870707,0.03819888454209903,1505.3881729647273
0.018051488792211086,54.39709281106405,54399.7635696299,16326.629826488579,1.1353240560687001,-1.0179217282498627,0.5077715798383906,0.03901934950452191,1519.4204124270523
0.018303116756206116,53.6355035221488,52175.681989037985,15989.397791858395,1.136168839488077,-1.0178989316133398,0.5076653149570518,0.03985711949333455,1533.5516346111663
0.01855825227755519,52.88438442608223,50042.676104868,15659.154284757948,1.1370131425660484,-1.0178747577651388,0.5075604212633209,0.0407125582431005,1547.7825168008847
0.018816944249705557,52.14359158053241,47997.00860687534,15335.753720430215,1.1378568980375785,-1.0178491990407887,0.507456879163982,0.04158603712367684,1562.1137410343292
0.019079242247652662,51.41298302206059,46035.09596237017,15019.05357256621,1.1387000380800358,-1.0178222477070777,0.507354669234573,0.04247793530038962,1576.5459941362774
0.019345196537440462,50.69241873891599,44153.50206656946,14708.914308207468,1.1395424943086674,-1.0177938959522912,0.5072537721572132,0.04338863989756578,1591.079967750699
0.01961485808579431,49.98176064420425,42348.93215631537,14405.19932406162,1.1403841977719542,-1.0177641358852416,0.5071541688094214,0.044318546165492974,1605.7163583735032
0.019888278569888104,49.280872549424785,40618.226976175334,14107.774884199816,1.1412250789468552,-1.017732959533695,0.5070558401752976,0.045268057650878324,1620.455867385481
0.02016551038724748,48.589620138372126,38958.35718639884,13816.510059105169,1.14206506773394,-1.017700358840994,0.5069587673899321,0.046237586370879075,1635.2992010854473
0.02044660666579117,47.90787094139591,37366.41800264687,13531.276666041887,1.142904093452411,-1.0176663256617564,0.506862931721642,0.0472275529907804,1650.247070723585
0.020731621274012315,47.235494310014666,35839.624057834844,13251.949210715786,1.1437420848350226,-1.0176308517607175,0.5067683145542077,0.04823838700539628,1665.3001925349931
0.021020608831301586,46.572361391878886,34375.30447683581,12978.404830197565,1.144578970022896,-1.0175939288086142,0.5066748973957544,0.049270526924270745,1680.4592877734276
0.02131362471841438,45.91834510607798,32970.8981551759,12710.523237080442,1.1454146765602362,-1.0175555483807506,0.5065826618787526,0.050324420460759946,1695.7250827452513
0.021610725088083777,45.273320118786906,31623.949233229832,12448.186664845052,1.1462491313889527,-1.0175157019534355,0.5064915897333719,0.051400524725075024,1711.0983088435783
0.021911966875781487,44.63716281924761,30332.10275777728,12191.279814404585,1.1470822608431863,-1.0174743809015314,0.5064016627963639,0.052499306421369046,1726.5797025826207
0.022217407810628847,44.009751296080466,29093.100523123125,11939.689801804036,1.1479139906437532,-1.017431576496742,0.5063128630021794,0.05362124204895257,1742.1700056322381
0.022527106426459814,43.39096531392169,27904.777084311765,11693.306107048067,1.148744245892496,-1.017387279902618,0.5062251723740872,0.05476681810772336,1757.8699648526808
0.02284112207303824,42.780686290381695,26765.055935277192,11452.020524032352,1.1495729510665629,-1.017341482177145,0.5061385730241739,0.05593653130789888,1773.6803323295364
0.02315951492743154,42.17879727332022,25671.945845071106,11215.727111554042,1.150400030012606,-1.0172941742644188,0.5060530471444622,0.057130888784141125,1789.6018654088762
0.02348234600554276,41.58518291843416,24623.537345598535,10984.322145377602,1.1512254059409073,-1.0172453469985308,0.5059685769713838,0.05835040831416484,1805.6353267325926
0.023809677173803587,40.99972946715305,23617.999364563817,10757.704071332446,1.1520490014194424,-1.0171949910951024,0.5058851448568333,0.059595618541923794,1821.7814842739433
0.024141571161030193,40.42232472483895,22653.575997595253,10535.7734594199,1.1528707383678778,-1.0171430971562803,0.5058027331615875,0.060867059205469136,1838.0411113732816
0.024478091570444418,39.85285803928563,21728.583413766868,10318.43295890697,1.153690538051512,-1.0170896556605145,0.5057213243085954,0.06216528136957836,1854.4149867739884
0.024819302891862554,39.291220279513475,20841.406888978556,10105.587254385315,1.1545083210751645,-1.01703465696871,0.5056409007829785,0.0634908476632538,1870.903894658598
0.025165270514053928,38.73730381485606,19990.497961887122,9897.143022774142,1.1553240073770232,-1.016978091317843,0.5055614450965038,0.06484433252219177,1887.5086246851104
0.025516060737271848,38.19100249433404,19174.37170730169,9693.00889124622,1.156137516222441,-1.0169199488188794,0.5054829397609382,0.06622632243632641,1904.2299720235021
0.025871740785959236,37.65221162631262,18391.60412216999,9493.0953960567,1.156948766197706,-1.0168602194593654,0.5054053673413392,0.06763741620255383,1921.0687373924234
0.026232378821631243,37.12082795843887,17640.82961948549,9297.314942255041,1.1577576752037773,-1.0167988930988479,0.5053287103938828,0.06907822518274345,1938.0257270960794
0.02659804395593759,36.596749657854666,16920.738625639227,9105.581764260438,1.158564160450001,-1.0167359594634153,0.5052529514836266,0.07054937356714791,1955.101753061304
0.026968806263906943,36.0798762916817,16230.075276928052,8917.811887281961,1.159368138447807,-1.0166714081564767,0.5051780731578646,0.07205149864332276,1972.2976328748134
0.027344736797375816,35.57010880777491,15567.635211109222,8733.923089564916,1.1601695250043942,-1.0166052286428946,0.505104057955009,0.07358525107067057,1989.6141898206392
0.02772590759860484,35.067349515740275,14932.263450062243,8553.834865445146,1.1609682352164181,-1.016537410258884,0.5050308883957086,0.07515129516072698,2007.0522529177463
0.028112391714084643,34.57150206821386,14322.852369783992,8377.468389193811,1.161764183463675,-1.016467942206,0.5049585469473215,0.07675030916330684,2024.6126569578184
0.028504263208534348,34.082471442397924,13738.33975409913,8204.74647963517,1.1625572834028002,-1.016396813552801,0.5048870160327965,0.07838298555863328,2042.2962425432256
0.0289015971790951,33.600163921851106,13177.706928619593,8035.593565520596,1.1633474479609833,-1.016324013230734,0.5048162780217922,0.0800500313555729,2060.1038561251557
0.02930446976972143,33.12448707852891,12639.97697163058,7869.935651642258,1.1641345893297101,-1.0162495300375098,0.5047463152129126,0.08175216839610389,2078.036350041913
0.02971295818577334,32.655349755070944,12124.212998718725,7707.700285670282,1.164918618958535,-1.0161733526337267,0.5046771098425893,0.08349013366614709,2096.094582557384
0.030127140708811652,32.192662047331886,11629.51651809125,7548.816525697729,1.1656994475488973,-1.016095469543842,0.5046086440317907,0.08526467961289037,2114.2794178996555
0.030547096711599688,31.73633528715247,11155.025853660976,7393.214908477826,1.1664769850479861,-1.0160158691552004,0.5045408998037857,0.08707657446874206,2132.5917262997937
0.03097290667331409,31.286282025367314,10699.91463309426,7240.827418338451,1.1672511406426613,-1.0159345397198845,0.5044738590752615,0.08892660258205015,2151.032384030771
0.031404652194967526,30.842416015046528,10263.390338135474,7091.587456759158,1.1680218227534427,-1.0158514693516614,0.5044075036296789,0.09081556475472659,2169.6022734465355
0.03184241601504653,30.40465219496752,9844.692914632775,6945.429812596237,1.1687889390285755,-1.0157666460296375,0.504341815099508,0.09274427858692048,2188.302283021225
0.03228628202536732,29.972906673314085,9443.093439797443,6802.290632941779,1.1695523963381764,-1.0156800575939104,0.5042767749662289,0.0947135788288853,2207.1333073885157
0.032736335287152474,29.547096711599682,9057.89284433147,6662.107394603017,1.1703121007684762,-1.015591691753895,0.5042123645692129,0.09672431774018789,2226.0962473810946
0.03319266204733189,29.127140708811645,8688.420687155976,6524.818876188388,1.1710679576161653,-1.0155015360785622,0.5041485650169051,0.09877736545641194,2245.19201007026
0.03365534975507096,28.712958185773328,8334.033980567474,6390.365130787177,1.171819871382851,-1.0154095780071268,0.5040853572223511,0.10087361036350989,2264.421508805639
0.03412448707852891,28.304469769721432,7994.116063739319,6258.687459229984,1.1725677457696364,-1.0153158048411355,0.5040227219209612,0.10301395947995982,2283.7856632550047
0.03460016392185111,27.901597179095095,7668.075522571496,6129.728383917212,1.173311483671836,-1.0152202037545974,0.5039606395905736,0.10519933884689012,2303.2853994442094
0.03508247144239793,27.504263208534343,7355.34515397554,6003.431623203528,1.174050987173831,-1.0151227617878797,0.5038990904336913,0.10743069392633318,2322.921649797197
0.03557150206821386,27.112391714084637,7055.380972760041,5879.7420663260555,1.174786157544079,-1.0150234658527943,0.5038380544307728,0.10970899000777719,2342.695353176109
0.0360673495157403,26.72590759860482,6767.6612593585905,5758.605748864658,1.175516895230292,-1.01492230273283,0.503777511251414,0.11203521262318553,2362.607454921468
0.03657010880777491,26.344736797375813,6491.6856467150155,5639.9698287228075,1.1762430998547837,-1.0148192590855116,0.5037174402543485,0.11441036797065653,2382.6589068924172
0.037079876291681725,25.968806263906924,6226.974244710086,5523.7825626177055,1.1769646702100112,-1.01471432144462,0.5036578204696838,0.11683548334690297,2402.8506675070325
0.03759674965785467,25.598043955937587,5973.06680058156,5409.993283068809,1.1776815042543096,-1.0146074762205166,0.5035986306077831,0.11931160758872845,2423.183701782663
0.03812082795843888,25.232378821631237,5729.5218938527505,5298.552375873855,1.1783934991078395,-1.0144987097069431,0.5035398489704477,0.12183981152368817,2443.658981376323
0.03865221162631263,24.87174078595923,5495.916164347032,5189.411258061983,1.179100551048758,-1.0143880080769505,0.5034814535042074,0.12442118843011843,2464.277484625094
0.039191002494334055,24.516060737271843,5271.843571924069,5082.522356313639,1.1798025555096212,-1.0142753573898386,0.5034234217203846,0.1270568545067279,2485.040196586543
0.03973730381485607,24.165270514053923,5056.914686630293,4977.83908583719,1.1804994070740358,-1.0141607435933295,0.5033657306950943,0.12974794935194478,2505.9481090791346
0.040291220279513484,23.81930289186255,4850.756008010133,4875.315829692437,1.181190999473571,-1.0140441525275463,0.5033083570514805,0.1324956364532187,2527.0022207226325
0.040852858039285636,23.478091570444413,4653.009312376561,4774.90791855143,1.1818772255849406,-1.0139255699248737,0.5032512769064255,0.13530110368647824,2548.203536978458
0.04142232472483896,23.141571161030186,4463.331026888908,4676.571610887151,1.1825579774274713,-1.0138049814180548,0.503194465861668,0.13816556382595185,2569.5530701900093
0.041999729467153066,22.809677173803582,4281.391629333817,4580.264073580878,1.1832331461608707,-1.0136823725390793,0.5031378990126854,0.14109025506456138,2591.051839622915
0.04258518291843415,22.482346005542762,4106.875072550803,4485.943362939275,1.1839026220833095,-1.0135577287248279,0.503081550815466,0.14407644154510107,2612.7008715051993
0.04317879727332023,22.159514927431534,3939.478232487459,4393.568406112343,1.184566294629824,-1.0134310353254914,0.5030253951753281,0.1471254139024219,2634.5011990673584
0.043780686290381704,21.841122073038235,3778.910378911635,4303.098982903718,1.1852240523710638,-1.013302277600269,0.5029694053136922,0.1502384898168405,2656.4538625823034
0.044390965313921706,21.527106426459806,3624.892667847762,4214.495707964837,1.1858757830123934,-1.0131714407299033,0.5029135538480176,0.15341701457900075,2678.559909405172
0.04500975129608048,21.21740781062884,3477.1576548432613,4127.720013364761,1.1865213733933573,-1.0130385098146928,0.5028578126230485,0.15666236166641748,2700.820394012979
0.045637162819247595,20.91196687578149,3335.4488282078787,4042.734131527648,1.1871607094875352,-1.0129034698864716,0.5028021527907498,0.1599759333319347,2723.2363780440683
0.04627332011878692,20.610725088083772,3199.520161404021,3959.5010785299332,1.1877936764027892,-1.012766305906899,0.5027465447037258,0.1633591612043401,2745.8089303373768
0.046918345106077994,20.313624718414374,3069.1356838004026,3877.98463774961,1.1884201583819258,-1.0126270027766644,0.5026909579152203,0.16681350690137473,2768.5391269714423
0.0475723613918789,20.020608831301583,2944.069069033488,3798.1493438599923,1.1890400388037874,-1.01248554533891,0.5026353611080623,0.17034046265538766,2791.428051303165
0.0482354943100147,19.7316212740123,2824.1032402526716,3719.960467160651,1.1896532001847824,-1.0123419183898261,0.5025797220769022,0.17394155195188607,2814.4767940062748
0.048907870941395946,19.44660666579116,2709.029991554907,3643.3839982383197,1.1902595241808775,-1.0121961066781862,0.5025240076749213,0.1776183301812348,2837.686453109475
0.04958962013837216,19.165510387247465,2598.6496249430966,3568.3866329506914,1.1908588915900642,-1.0120480949144612,0.5024681837694231,0.18137238530376798,2861.058134034241
0.050280872549424795,18.8882785698881,2492.7706021700938,3494.935757726236,1.1914511823553107,-1.011897867779655,0.5024122152063057,0.18520533852857596,2884.5929496322356
0.05098176064420426,18.61485808579431,2391.20921085648,3422.9994351733026,1.192036275568026,-1.011745409928034,0.502356065730126,0.1891188450062358,2908.292020222303
0.051692418738916,18.345196537440458,2293.7892442954653,3352.546389991909,1.1926140494720407,-1.0115907059975346,0.5022996979663361,0.19311459453575963,2932.156473627008
0.0524129830220606,18.079242247652658,2200.3416943824454,3283.5459951817306,1.193184381468128,-1.011433740613002,0.502243073350229,0.19719431228603967,2956.187445208687
0.0531435915805324,17.81694424970556,2110.7044571300326,3215.968258540056,1.1937471481190784,-1.0112744983989572,0.5021861520825297,0.20135975953206975,2980.3860779049605
0.05388438442608224,17.558252277555187,2024.7220502514338,3149.7838094434396,1.1943022251553486,-1.0111129639850105,0.502128893058341,0.20561273440623382,3004.753522263674
0.05463550352214881,17.303116756206112,1942.245342316542,3084.9638859071033,1.194849487481291,-1.0109491220105322,0.5020712538227343,0.20995507266494962,3029.290936477215
0.05539709281106406,17.05148879221108,1863.131293005379,3021.4803219161226,1.1953888091819942,-1.0107829571370972,0.5020131904996958,0.21438864847096545,3053.999486416162
0.05616929824163809,16.80332016430114,1787.2427040031555,2959.305535022611,1.1959200635307414,-1.0106144540574598,0.5019546577343945,0.21891537519161203,3078.8803456622263
0.056952267797128246,16.55856331414469,1714.4479801000657,2898.412514203305,1.1964431229971073,-1.0104435975017043,0.5018956085954827,0.22353720621331083,3103.934695540411
0.057746151523598195,16.317171337233546,1644.6209000767878,2838.7748079719636,1.1969578592557077,-1.0102703722468696,0.5018359945528914,0.22825613577265175,3129.1637251503557
0.05855110155867242,16.079097973894275,1577.6403969740018,2780.3665127411905,1.1974641431956266,-1.0100947631270314,0.5017757653801311,0.23307419980435373,3154.568631396798
0.059367272160691244,15.844297600423157,1513.3903473607802,2723.162261428397,1.1979618449305247,-1.009916755042925,0.5017148690787963,0.23799347680642474,3180.1506190190908
0.060194819738272724,15.612725220342934,1451.759369232464,2667.137212300686,1.1984508338094602,-1.0097363329728168,0.5016532517764247,0.24301608872284888,3205.910900619723
0.06103390288028619,15.384336455779852,1392.640628183987,2612.2670380536397,1.1989309784284288,-1.0095534819796277,0.5015908577131754,0.24814420184412236,3231.850696691761
0.06188468238624387,15.15908753895918,1335.9316515190328,2558.5279151190166,1.199402146642646,-1.0093681872233298,0.501527629068633,0.2533800277259743,3257.9712356451537
0.06274732129711579,14.936935303817751,1281.5341499694975,2505.896513196532,1.1998642055795867,-1.0091804339726516,0.5014635059307224,0.25872582412660455,3284.273753831812
0.06362198492657492,14.717837177731619,1229.3538467129993,2454.3499850049293,1.2003170216527979,-1.0089902076157629,0.5013984261935676,0.264183895962785,3310.7594955694194
0.06450884089267696,14.501751173357697,1179.3003133891893,2403.8659562477746,1.2007604605765039,-1.0087974936673525,0.5013323254375877,0.26975659628515836,3337.4297131638373
0.06540805914998254,14.288635880587305,1131.286812827717,2354.4225157893416,1.2011943873810218,-1.0086022777887977,0.5012651368584429,0.27544632727309365,3364.285666930082
0.06631981202212671,14.07845045861052,1085.2301482127045,2305.998206036217,1.2016186664290005,-1.0084045457908928,0.5011967911426893,0.28125554124944124,3391.32862521173
0.06724427423484251,13.871154628089533,1041.0505184197605,2258.57201352023,1.2020331614325015,-1.0082042836499947,0.5011272163611977,0.2871867417155476,3418.5598643986946
0.06818162294944481,13.666708663439682,998.6713792724877,2212.1233596784764,1.2024377354709421,-1.0080014775231951,0.5010563378670128,0.29324248440688594,3445.9806689432467
0.06913203779678136,13.465073385216455,958.0193104757749,2166.632091826228,1.2028322510099132,-1.0077961137572486,0.5009840781532446,0.2994253783696707,3473.592331374212
0.07009570091165619,13.26621015260738,919.0238879932481,2122.078474318732,1.2032165699208892,-1.0075881789010634,0.5009103567509285,0.3057380870588104,3501.396152309183
0.07107279696773419,13.07008085602685,881.6175616456462,2078.443179897797,1.2035905535018478,-1.0073776597238802,0.5008350901046796,0.31218332945758226,3529.393440464702
0.07206351321293053,12.876647909813084,845.7355377162733,2035.7072812194142,1.2039540624988143,-1.007164543221148,0.500758191412821,0.31876388121938065,3557.585512664206
0.07306803950529506,12.685874245025179,811.3156663582167,1993.8522425584256,1.2043069571283478,-1.0069488166379768,0.5006795705119202,0.32548257583193335,3585.973693843701
0.07408656834939567,12.497723302339418,778.298333606693,1952.8599116866512,1.2046490971009856,-1.0067304674738107,0.5005991337257996,0.33234230580434254,3614.5593170549564
0.07511929493320973,12.312159025043067,746.6263578077652,1912.7125119207146,1.2049803416456584,-1.0065094835045392,0.5005167837056632,0.33934602387734186,3643.343723466136
0.07616641716552891,12.129145852124655,716.2448902825718,1873.3926343360597,1.205300549535095,-1.006285852790916,0.5004324192879892,0.34649674425713667,3672.3282623596715
0.07722813571388641,11.94864871145905,687.1013200535069,1834.8832301435925,1.2056095791122314,-1.0060595637009035,0.5003459353168935,0.3537975438732192,3701.5142911272796
0.07830465404301189,11.770633013086437,659.1451824660462,1797.1676032255941,1.2059072883176343,-1.0058306049161017,0.5002572224931399,0.36125156366052563,3730.903175261904
0.07939617845382281,11.595064642583582,632.3280715466182,1760.2294028274919,1.2061935347179606,-1.0055989654558959,0.5001661671609767,0.36886200986632506,3760.4962883464527
0.08050291812295984,11.42190995452617,606.6035559435383,1724.0526164022192,1.2064681755354636,-1.0053646346894383,0.5000726511749107,0.37663215538222145,3790.295012039158
0.08162508514287226,11.251135766041195,581.9270983043155,1688.6215626039916,1.2067310676785565,-1.005127602348461,0.4999765516554575,0.38456534110163676,3820.3007360553283
0.08276289456246348,11.082709350447765,558.2559779485811,1653.920884428287,1.2069820677734526,-1.0048878585529506,0.4998777408470332,0.3926649773031707,3850.5148581453673
0.08391656442830157,10.916598430985594,535.5492167017792,1619.9355424950459,1.2072210321968917,-1.0046453938170692,0.4997760858515008,0.40093454506019127,3880.938784068768
0.08508631582640584,10.752771174629448,513.7675077601558,1586.6508084719724,1.2074478171099643,-1.004400199075938,0.4996714484460938,0.4093775976770541,3911.573927563968
0.08627237292461454,10.591196185988853,492.87314746303105,1554.052258635099,1.2076622784930495,-1.0041522656948438,0.4995636848569305,0.4179977621522973,3942.421710313745
0.08747496301554418,10.4318425012915,472.8299698533067,1522.1257675636407,1.2078642721818713,-1.0039015854945423,0.4994526455103241,0.42679874066919593,3973.483561905996
0.08869431656014706,10.27467958244947,453.6032839121327,1490.8575019663854,1.208053653904695,-1.0036481507624069,0.49933817481961995,0.435784312114025,4004.7609197896
0.08993066723187625,10.119677311206988,435.1598133582746,1460.233914636811,1.2082302793206618,-1.003391954274586,0.4992201108876557,0.4449583336223919,4036.2552292251326
0.09118425196146572,9.966805983368685,417.46763890725066,1430.2417385342692,1.2083940040592802,-1.0031329893145544,0.4990982852891577,0.4543247421539815,4067.967943230143
0.0924553109823358,9.816036303107094,400.49614288956855,1400.8679809885318,1.2085446837610807,-1.0028712496881005,0.49897252275543735,0.4638875560960647,4099.900522518745
0.09374408787662991,9.667339377348581,384.2159561315798,1372.099918025193,1.2086821741194418,-1.0026067297483983,0.49884264092570163,0.47365087689608315,4132.054435435159
0.09505082962189511,9.52068671023623,368.59890700633974,1343.9250888092924,1.208806330923597,-1.0023394244097936,0.49870845003619024,0.4836188907236566,4164.431157880985
0.09637578663841088,9.376050197669118,353.6179725657587,1316.3312902047942,1.208917010102824,-1.0020693291693612,0.49856975260043157,0.4937958701622909,4197.032173235766
0.09771921283718005,9.233402121916415,339.24723166885457,1289.306571447376,1.2090140677718357,-1.0017964401277197,0.4984263431028211,0.5041861759311174,4229.8589722706165
0.09908136566858673,9.09271514630571,325.4618200245126,1262.8392289282556,1.2090973602773627,-1.0015207540079536,0.4982780076744362,0.5147942586369163,4262.913053054455
0.10046250617173419,8.953962309984227,312.23788707041354,1236.9178010866472,1.2091667442459437,-1.0012422681769375,0.49812452372888316,0.5256246605567155,4296.1959208525495
0.10186289902446873,8.817117022752196,299.552554613075,1211.5310634086388,1.2092220766329234,-1.0009609806631468,0.49796565960258476,0.5366820174511897,4329.709088016902
0.10328281259410282,8.682153059967089,287.3838771569532,1186.6680235302,1.209263214772661,-1.0006768901805732,0.497801174199509,0.5479710604091174,4363.454073868142
0.1047225189888435,8.549044557518082,275.71080385357686,1162.3179164421956,1.2092900164299554,-1.0003899961485698,0.4976308165870478,0.5594966177230754,4397.432404568417
0.10618229410993842,8.417766006869524,264.51314200445006,1138.470199795236,1.2093023398526799,-1.0001002987121135,0.49745432560077774,0.571263616796577,4431.645612984881
0.10766241770454937,8.288292250172494,253.77152205420555,1115.1145493022711,1.2093000438256398,-0.9998077987654425,0.4972714294181344,0.5832770860828116,4466.095238543306
0.10916317341936142,8.160598475443713,243.46736401309846,1092.2408542369135,1.2092829877256384,-0.9995124979717634,0.49708184512764575,0.5955421570551019,4500.782827071272
0.11068484885494125,8.03466021181053,233.58284525038817,1069.8392130254442,1.2092510315777614,-0.9992143987844381,0.4968852782804021,0.6080640662092093,4535.709930630501
0.11222773562085075,7.910453324821519,224.10086960260278,1047.8999289305987,1.2092040361128695,-0.9989135044730729,0.49668142241488056,0.6208481570975191,4570.878107337681
0.11379212939153154,7.787954011821318,215.00503774290948,1026.4135058251409,1.2091418628263007,-0.9986098191413301,0.4964699585640062,0.6338998823951822,4606.288921173341
0.11537832996296611,7.6671387973892315,206.2796187600795,1005.3706440534205,1.2090643740377711,-0.998303347749871,0.4962505547622129,0.6472248059981682,4641.943941778057
0.11698664131013081,7.547984528840406,197.90952289759085,984.7622363790131,1.2089714329524759,-0.9979940961421695,0.49602286552141805,0.6608286051532154,4677.844744235478
0.11861737164524781,7.430468371788974,189.8802754054783,964.5793640166908,1.2088629037233805,-0.9976820710634318,0.4957865312670293,0.6747170726195589,4713.992908841431
0.1202708334768512,7.3145678057720644,182.17799145944272,944.813292746916,1.2087386515146858,-0.9973672801866406,0.495541177787274,0.6888961188623263,4750.390020858511
0.12194734366967383,7.200260619934131,174.78935210363287,925.4554691111837,1.2085985425664738,-0.9970497321333714,0.4952864156425605,0.7033717742773676,4787.037670255352
0.1236472235053716,7.087524908770451,167.7015811752506,906.497516686465,1.2084424442605073,-0.9967294364973391,0.4950218395659576,0.7181501914473183,4823.937451429946
0.12537079874409207,6.976339067929274,160.90242317088934,887.9312324371509,1.2082702251871786,-0.9964064038679434,0.4947470278237063,0.7332376474285384,4861.090962916131
0.12711839968690286,6.866681790071583,154.38012201611602,869.7485831428347,1.2080817552135956,-0.9960806458541388,0.4944615415668494,0.7486405460685892,4898.499807072522
0.12889036123908926,6.758532060787838,148.12340070141022,851.9417019003765,1.207876905552784,-0.9957521751067316,0.4941649241384525,0.7643654203537755,4936.165589752992
0.1306870229743347,6.651869154570821,142.12144174906487,834.5028846986797,1.2076555488339944,-0.9954210053441465,0.4938567003897063,0.7804189347862471,4974.0899199578325
0.13250872919979534,6.546672630843889,136.36386847711125,817.4245870646694,1.2074175591740937,-0.99508715137204,0.4935363759605025,0.7968078877900472,5012.274409464681
0.1343558290220827,6.4429223300437535,130.84072702770942,800.6994207789688,1.2071628122500226,-0.9947506291110566,0.4932034364978364,0.8135392141454346,5050.720672438261
0.13622867641416464,6.340598369757214,125.54246912879123,784.3201506598418,1.2068911853723006,-0.9944114556182003,0.49285734690973726,0.830619987450674,5089.430325017895
0.13812763028320088,6.23968114091088,120.45993555899821,768.279691413935,1.2066025575595487,-0.994069649111352,0.49249755053482147,0.848057422610449,5128.404984881818
0.14005305453932204,6.140151304013399,115.58434028720785,752.5711045524658,1.2062968096140148,-0.9937252289917052,0.4921234683162865,0.8658588783498732,5167.646270787114
0.14200531816536824,6.041989785449292,110.90725525909124,737.1875953714543,1.2059738241980715,-0.9933782158705042,0.4917344979492597,0.884031859753028,5207.155802084207
0.14398479528760086,5.945177773823694,106.4205958042834,722.1225099946605,1.2056334859116595,-0.9930286315887503,0.49133001297929724,0.9025840208248124,5246.935198204715
0.14599186524739777,5.849696716357451,102.11660663883336,707.3693324779379,1.2052756813706487,-0.9926764992425055,0.49090936189644196,0.9215231670747255,5286.986078121392
0.1480269126739509,5.755528315331644,97.98784843861789,692.9216819736756,1.2049002992860844,-0.9923218432094918,0.4904718671582273,0.9408572581211494,5327.310059778962
0.15009032755797355,5.662654524581154,94.02718496042276,678.7733099541198,1.204507230544293,-0.9919646891657447,0.49001682423932635,0.9605944103144399,5367.908759494386
0.15218250532643873,5.571057546036269,90.22777068831795,664.9180974922836,1.2040963682878025,-0.9916050641161902,0.48954350059238294,0.9807428993771117,5408.783791325325
0.15430384691835647,5.4807198263119705,86.5830389838964,651.3500525992858,1.2036676079970539,-0.9912429964129638,0.48905113462660665,1.0013111630591083,5449.936766405219
0.15645475886160973,5.391624053344,83.08669071979786,638.0633076168926,1.2032208475728559,-0.990878515779604,0.4885389346197542,1.0223078038060849,5491.369292243592
0.15863565335085897,5.303753153071281,79.73268337679966,625.0521166641373,1.2027559874195513,-0.9905116533361707,0.48800607761678805,1.0437415914383505,5533.0829719899375
0.16084694832653568,5.2170902861638275,76.51522058554394,612.3108531368404,1.202272930528853,-0.9901424416192305,0.48745170827968565,1.065621465838018,5575.079403659665
0.16308906755493324,5.131618844795776,73.42874209476403,599.8340072589614,1.2017715825643014,-0.9897709146057245,0.48687493771504364,1.0879565396415842,5617.360179320306
0.16536244070941816,5.047322449462644,70.46791414859196,587.6161836846401,1.2012518519463047,-0.9893971077339719,0.48627484227503714,1.1107561009350795,5659.926884236388
0.16766750345277004,4.964184945842462,67.62762025626218,575.6520991498986,1.2007136499377147,-0.9890210579285565,0.485650462309529,1.1340296159485534,5702.78109597104
0.17000469752067177,4.882190401699957,64.90295233819039,563.9365801729241,1.200156890729889,-0.9886428036179054,0.48500080089597475,1.1577867317465347,5745.924383442563
0.17237447080636195,4.801323103833379,62.28920223307342,552.4645608019213,1.1995814915291891,-0.9882623847597777,0.48432482253380016,1.182037278910752,5789.358305933975
0.17477727744646818,4.721567555063249,59.78185355127568,541.2310804095149,1.1989873726438638,-0.9878798428582424,0.4836214517899293,1.2067912742111886,5833.084412053558
0.17721357790803594,4.6429084712625395,57.376573860373966,530.2312815327217,1.198374457571263,-0.9874952209893975,0.4828895719443125,1.2320589232612094,5877.104238644327
0.17968383907677218,4.565330778427644,55.06920718930535,519.4604077575077,1.1977426730853291,-0.9871085638171916,0.4821280235821632,1.257850623152237,5921.419309640335
0.18218853434651677,4.48881960978967,52.8557668381226,508.9138016469987,1.1970919493243066,-0.9867199176138699,0.48133560316399127,1.2841769650630643,5966.031134867528
0.18472814370996332,4.413360302965383,50.7324284808843,498.58690271238885,1.19642221987861,-0.9863293302834744,0.4805110615290218,1.311048736838633,6010.941208786984
0.18730315385064372,4.338938397147354,48.69552354972372,488.47524542564713,1.1957334218787905,-0.9859368513756286,0.4796531024519055,1.3384769255326765,6056.151009178137
0.18991405823619342,4.265539630332759,46.74153288862536,478.574457273123,1.195025496083541,-0.9855425321076963,0.478760381066202,1.3664727199082705,6101.661995759572
0.1925613572129199,4.193149936590212,44.867080665903416,468.880256849152,1.1942983869676687,-0.9851464253784739,0.47783150236779903,1.3950475128899946,6147.475608745006
0.19524555810168615,4.12175544336424,43.06892853483374,459.388451988821,1.193552042809976,-0.9847485857911352,0.4768650195851052,1.4242129039608815,6193.593267331819
0.1979671752951333,4.051342468816765,41.34397003231248,450.09493793902095,1.1927864157809769,-0.9843490696649814,0.4758594326380603,1.4539807014970176,6240.016368119626
0.20072673035625688,3.981897519205164,39.6892252058355,440.995695566968,1.1920014620303823,-0.9839479350551008,0.4748131864861236,1.484362925032108,6286.746283456169
0.20352475211835777,3.913407286296362,38.101835459484136,432.0867896053665,1.1911971417742777,-0.9835452417651371,0.47372466951178893,1.5153718074439009,6333.784359707852
0.20636177678638587,3.845858644816496,36.579058609985594,423.3643669334128,1.190373419381929,-0.9831410513620918,0.47259221186413214,1.547019797053842,6381.131915452115
0.20923834803969787,3.7792386499355954,35.118264144278804,414.8246548928428,1.1895302634621312,-0.982735427193394,0.47141408380235816,1.5793195596308427,6428.790239588874
0.21215501713624502,3.7135345347869118,33.716928670369896,406.4639596382593,1.1886676469490334,-0.9823284343960598,0.47018849403934837,1.6122839802894429,6476.76058936807
0.2151123430182167,3.6487337080202575,32.37263155359118,398.2786645209567,1.1877855471873526,-0.9819201399099688,0.4689135880718851,1.645926165272197,6525.044188330526
0.21811089241915196,3.584823751389097,31.083050730706912,390.2652285055176,1.186883946016908,-0.9815106124921582,0.46758744650643536,1.680259443605372,6573.642224159011
0.221151239972549,3.5217924173706994,29.845958694608818,382.42018461841576,1.1859628298563838,-0.9810999227222349,0.4662080834115798,1.7152973686166415,6622.5558464367
0.22423396832198467,3.459627626819092,28.659218642648923,374.7401384279241,1.1850221897862456,-0.9806881430176875,0.4647734446704419,1.7510537193026294,6671.786164309868
0.22735966823277168,3.3983174666502247,27.520780781934324,367.22176655459594,1.184062021630724,-0.980275347638096,0.4632814063686439,1.7875425015336834,6721.3342440519045
0.23052893870517074,3.337850187558991,26.428678785185486,359.86181521162933,1.183082326038783,-0.9798616126959102,0.46172977318226316,1.82477794908247,6771.201106525575
0.2337423870891816,3.2782142017676152,25.381026391017933,352.65709877441554,1.1820831085639805,-0.9794470161593174,0.46011627682351985,1.8627745244623732,6821.387724540522
0.2370006292009329,3.2193980808050267,24.376014142759576,345.6044983785974,1.1810643797431426,-0.9790316378603846,0.45843857453975545,1.9015469195609251,6871.895020102999
0.24030428944069704,3.1613905533167053,23.411906260154147,338.7009605459591,1.180026155173759,-0.978615559500054,0.45669424763017474,1.9411100560528425,6922.723861554913
0.2436540009125467,3.1041805029047076,22.487037638534726,331.94349583749965,1.1789684555900064,-0.9781988646494849,0.45488080003808307,1.981479085576394,6973.875060599167
0.2470504055456824,3.0477569659973245,21.59981097026862,325.3291775330277,1.177891306937317,-0.9777816387515339,0.4529956570630276,2.0226693896562216,7025.349369208556
0.2504941542174503,2.9921091297480524,20.74869398349012,318.85514033664504,1.1767947404453942,-0.9773639691233451,0.4510361640640568,2.064696579354845,7077.147476415362
0.2539859068780725,2.9372263299634818,19.932216793339833,312.5185791074911,1.1756787926995922,-0.9769459449561656,0.4489995853761428,2.1075764946343534,7129.2700049789655
0.25752633267712016,2.8830980490596048,19.148969361122745,306.316747615114,1.174543505710554,-0.9765276573075734,0.44688310323548563,2.15132520340909,7181.71750792902
0.26111611009174596,2.829713914046281,18.397599056987637,300.24695731887016,1.173388926982028,-0.9761091991075379,0.44468381688245273,2.195959000269195,7234.490464981653
0.2647559270567067,2.777063694539368,17.676808321906567,294.30657617073757,1.1722151095767623,-0.9756906651450968,0.442398741828832,2.2414944048542633,7287.589278826571
0.2684464810961963,2.725137300800213,16.985352424907724,288.4930274409554,1.1710221121803852,-0.9752721520677087,0.4400248092005796,2.2879481598554556,7341.014271282958
0.27218847945751795,2.673924781802074,16.322037311678404,282.80378856589635,1.1698099991631734,-0.9748537583690866,0.4375588653559035,2.3353372286237564,7394.765679322409
0.27598263924661803,2.6234163233231502,15.685717540814426,277.2363900175998,1.1685788406396234,-0.974435584383925,0.4349976716365731,2.3836787923612253,7448.8436509573085
0.2798296875655118,2.5736022460657857,15.075294304142915,271.7884141943881,1.1673287125257206,-0.9740177322742526,0.4323379043412743,2.4329902468714653,7503.2482409934855
0.28373036165162135,2.5244730038015852,14.489713527692874,266.45749433201365,1.1660596965938197,-0.9736003060177292,0.42957615495653556,2.4832891988446995,7557.979406646109
0.28768540901905937,2.4760191815419783,13.927964050025476,261.2413134347721,1.1647718805250398,-0.9731834113933515,0.4267089306363445,2.5345934616523453,7613.03700301841
0.2916955876018795,2.4282314937339717,13.389075874772244,256.13760322604725,1.163465357959079,-0.9727671559660488,0.42373265494377677,2.586921050625197,7668.420778442989
0.2957616658993255,2.381100782480684,12.872118494356156,251.14414311774257,1.16214022854136,-0.9723516490667449,0.42064366891681004,2.6402901777888865,7724.130369686107
0.29988442312310293,2.3346180157863645,12.376199281995222,246.25875919807723,1.1607965979674106,-0.9719370017765377,0.4174382324805279,2.6947192460296874,7780.165297015738
0.30406464934670696,2.288774285825509,11.900461949205257,241.47932323721994,1.1594345780243862,-0.9715233269023673,0.41411252618794947,2.750226842663402,7836.524959134842
0.30830314565682754,2.2435608072358133,11.444085066133564,236.80375171026,1.158054286629649,-0.9711107389528675,0.4106626533560984,2.8068317323795586,7893.208627981727
0.31260072430687047,2.1989689154345364,11.006280642162015,232.23000483700176,1.1566558478663105,-0.9706993541175037,0.40708464261951605,2.8645528495331183,7950.2154434003105
0.3169582088726116,2.1549900649580875,10.586292764324945,227.7560856381059,1.155239392015647,-0.970289290236967,0.4033744509145407,2.9234092897554294,8007.544407683452
0.32137643441002794,2.1116158278243593,10.183396291184549,223.38003900707935,1.1538050555863073,-0.9698806667724574,0.39952796697428994,2.9834203008565177,8065.194379993689
0.3258562476153227,2.0688378919176413,9.796895599905358,219.0999507976582,1.1523529813402187,-0.9694736047776052,0.3955410152499681,3.0446052729905153,8123.1640706661765
0.3303985069871856,2.0266480593956944,9.426123384359089,214.91394692611163,1.1508833183151168,-0.9690682268624805,0.3914093604494582,3.106983728056618,8181.452035399823
0.33500408299131335,1.9850382451187318,9.070439502181188,210.82019248802476,1.1493962218436056,-0.9686646571619061,0.3871287125821752,3.1705753083081607,8240.056669343378
0.3396738582272207,1.9440004751000362,8.729229868784628,206.81689088912609,1.147891853568682,-0.9682630212948878,0.38269473262564446,3.235399764143046,8298.976201084277
0.34440872759738234,1.903526884977814,8.401905396417083,202.90228298972812,1.1463703814556307,-0.9678634463259885,0.3781030388182458,3.3014769410497244,8358.208686549306
0.3492095984787271,1.863609718508116,8.087900976427107,199.07464626238277,1.144831979800227,-0.9674660607265619,0.373349213551478,3.3688267656836444,8417.752002826986
0.35407739089652696,1.824241326078436,7.786674502978239,195.33229396234861,1.1432768292331683,-0.9670709943262736,0.368428811057143,3.4374692310506405,8477.603841923119
0.35901303770070686,1.7854141632417688,7.497705936522844,191.67357431049783,1.1417051167206596,-0.9666783782712361,0.3633373656940506,3.507424380774992,8537.761704461927
0.3640174847446141,1.747120789270812,7.220496405415616,188.09686968829791,1.1401170355610966,-0.9662883449727072,0.35807040102076115,3.5787122924318076,8598.222893346765
0.36909169106627776,1.7093538657320524,6.954567344113103,184.60059584452648,1.1385127853777692,-0.9659010280583793,0.3526234396543657,3.651353059925347,8658.984507395606
0.37423662907219835,1.6721061550794332,6.699459666468557,181.18320111339222,1.1368925721075298,-0.9655165623209848,0.34699201386201395,3.725366774897355,8720.043434968107
0.3794532847236941,1.635370519267394,6.454732972692827,177.84316564376277,1.135256607985365,-0.9651350836594085,0.34117167697844764,3.8007735071519693,8781.396347602342
0.3847426577258504,1.5991399183829342,6.21996478860931,174.57900063921096,1.1336051115248211,-0.964756729026738,0.3351580156450993,3.8775932840870504,8843.039693681043
0.39010576171909916,1.563407409296516,5.994749835887899,171.38924760862537,1.1319383074942193,-0.9643816363647844,0.3289466628751967,3.9558460691248434,8904.969692148561
0.39554362447347036,1.5281661443314993,5.778699331995674,168.27247762714734,1.1302564268886275,-0.9640099445484773,0.32253331194043255,4.03555173913883,8967.18232630147
0.4010572880855498,1.4934093699518791,5.571440318654042,165.22729060722628,1.1285597068975324,-0.9636417933165933,0.31591373109696264,4.116730060877568,9029.67333767726
0.40664780917818594,1.459130425468043,5.3726150176408956,162.25231457960896,1.126848390868177,-0.9632773232093735,0.30908377917293706,4.199400666390933,9092.438220067283
0.412316259102975,1.4253227417603545,5.1818802128242964,159.34620498411329,1.1251227282645269,-0.9629166754962217,0.3020394219243059,4.283583027468792,9155.472213681507
0.4180637241455759,1.3919798400202392,4.998906657358776,156.50764397005662,1.1233829746218293,-0.9625599921089514,0.29477674922107155,4.36929642910771,9218.770299494528
0.423891305733878,1.3590953305086355,4.823378505019865,153.73533970625405,1.1216293914967466,-0.9622074155657356,0.28729199303290187,4.456559942026466,9282.32719380342
0.4298001206490799,1.3266629113314576,4.654992764693096,151.0280257005175,1.1198622464130286,-0.9618590888962599,0.2795815460941995,4.545392394257672,9346.137343029934
0.43579130123970305,1.294676367231936,4.493458777074917,148.3844601286371,1.1180818128027146,-0.9615151555645842,0.27164198134632755,4.635812341848596,9410.194918800571
0.4418659956385942,1.2631295683995294,4.338497712680436,145.80342517284748,1.1162883699428487,-0.9611757593891379,0.26347007194826944,4.727838038711462,9474.493813339657
0.448025367982949,1.2320164692952345,4.189842090290472,143.2837263698265,1.114482202887697,-0.96084104446017,0.25506281193565883,4.8214874056701635,9539.02763521156
0.4542705986374043,1.2013311074930324,4.047235315005305,140.82419196830492,1.1126636023964667,-0.9605111550582404,0.24641743733278076,4.916777998757878,9603.78970544937
0.4606028844202403,1.1710676025372648,3.910431235106627,138.42367229640482,1.1108328648565249,-0.9601862355642912,0.23753144776195256,5.013726976827525,9668.773054108231
0.4670234388327335,1.1412201548157292,3.7791937169617587,136.08103913886245,1.1089902922021269,-0.959866430373027,0.22840262830603564,5.112351068544813,9733.970417282198
0.473533492291712,1.1117830444482428,3.653296237235184,133.79518512432503,1.1071361918286604,-0.9595518838044669,0.2190290716551644,5.212666538841697,9799.374234624105
0.48013429236534494,1.082750630190517,3.532521491702796,131.56502312295507,1.1052708765024302,-0.9592427400083028,0.20940920032897026,5.314689154915875,9864.976647408033
0.48682710401222823,1.0541173483530648,3.4166610199923957,129.3894856546031,1.1033946642659949,-0.9589391428727001,0.1995417889076876,5.41843415187047,9930.769497174253
0.49361320982379153,1.025877711735018,3.3055148456022407,127.26752430785703,1.1015078783390968,-0.9586412359245854,0.18942598605453753,5.523916198095612,9996.744324995883
0.5004939102700956,0.9980263085725496,3.1988911305750634,125.19810917029781,1.0996108470152044,-0.9583491622368961,0.17906133627609933,5.631149360502252,10062.892371406377
0.5074705239490469,0.9705578015017993,3.096605844231083,123.1802282703369,1.0977039035537186,-0.9580630643248221,0.16844780121638792,5.740147069725724,10129.204577025606
0.5145443878390927,0.9434669265360212,2.998482445387257,121.21288703103131,1.0957873860678762,-0.9577830840463468,0.15758578024038883,5.850922085424625,10195.671583921445
0.5217168575554346,0.9167484920568161,2.90435157751374,119.29510773630798,1.093861637408411,-0.9575093624975866,0.14647613029372764,5.9634864618073555,10262.283737741827
0.5289893076098153,0.8903973778192207,2.8140507763006437,117.42592901004937,1.091927005043018,-0.9572420399115286,0.1351201847009662,6.07785151352561,10329.03109065048
0.5363631316739242,0.8644085339704863,2.7274241891298106,115.60440530851785,1.0899838409316933,-0.9569812555492524,0.12351977080926702,6.194027782080048,10395.903405096973
0.5438397428464803,0.8387769800823264,2.6443223059667185,113.82960642660996,1.0880325013980023,-0.9567271475951526,0.11167722623317644,6.312025002889006,10462.890158449087
0.5514205739240299,0.8134978041964964,2.564601701207658,112.10061701845143,1.0860733469963666,-0.9564798530460319,0.09959541353177315,6.431852073175433,10529.980548512069
0.5591070776755294,0.7885661618834616,2.4881247860358964,110.41653613284512,1.0841067423754285,-0.9562395076031784,0.08727773314054588,6.553517020831456,10597.16349995603
0.5669007271207435,0.763977275314045,2.414759570859145,108.7764767640955,1.0821330561375944,-0.9560062455618755,0.07472813430931069,6.677026974422128,10664.427671668356
0.5748030158125357,0.7397264323438009,2.3443794374176066,107.17956541872276,1.080152660694833,-0.9557801996981585,0.06195112394402713,6.802388134492287,10731.761465044012
0.5828154581230846,0.7158089856100049,2.276862920169045,105.6249416985795,1.0781659321208314,-0.9555615011604068,0.04895177309938248,6.929605746340237,10799.15303322144
0.5909395895340971,0.6922203516410372,2.21209349657299,104.11175790086176,1.0761732499996037,-0.9553502793491616,0.03573572097559463,7.058684074421765,10866.590291266997
0.5991769669310619,0.6689560099780247,2.149959385911853,102.63917863549027,1.0741749972706627,-0.9551466618128113,0.022309176348379367,7.189626378545421,10934.060927305143
0.6075291689016071,0.6460115023085513,2.0903533563012946,101.20638046030666,1.072171560070859,-0.9549507741241489,0.00867891615230576,7.322434892016799,11001.552414586105
0.6159977960380167,0.6233824316122785,2.033172539556443,99.81255153449676,1.0701633275730107,-0.9547627397723792,-0.00514771882242826,7.457110801884409,11069.052024476681
0.6245844712439617,0.601064461318318,1.9783182535941273,98.45689129061115,1.0681506918214365,-0.9545826800458753,-0.019162831177531814,7.593654231433312,11136.546840353736
0.633290840045512,0.5790533144741745,1.9256958320642492,97.13861012550478,1.066134047564524,-0.9544107139168303,-0.033357977258340554,7.732064225064942,11204.02377237378
0.6421185709064757,0.5573447729261354,1.8752144609160561,95.8569291104648,1.0641137920844606,-0.9542469579282,-0.047724180609719724,7.872338735691777,11271.469573085502
0.6510693555481459,0.5359346765108974,1.8267870216168505,94.61107972073125,1.0620903250242613,-0.9540915260774071,-0.062251948567237037,8.01447461476528,11338.87085384611
0.6601449092734887,0.5148189222583464,1.7803299407524542,93.40030358455493,1.0600640482122354,-0.9539445297044281,-0.07693129199692805,8.15846760504253,11406.214101995678
0.6693469712958664,0.493993463605257,1.7357630457494322,92.22385225185629,1.058035365484034,-0.9538060773755903,-0.09175174808151354,8.30431233618435,11473.48569873802
0.6786773050723298,0.47345430961983515,1.69300942647001,91.08098698248197,1.0560046825024245,-0.9536762747743766,-0.10670240616195059,8.452002323262072,11540.671937670299
0.6881376986415673,0.45319752423689486,1.651995302440469,89.97097855396649,1.0539724065749476,-0.9535552245829781,-0.12177193650553164,8.601529968235038,11607.759043898264
0.6977299649665534,0.4332192255035747,1.6126498954837847,88.89310708862946,1.0519389464696078,-0.9534430263776683,-0.13694862182733658,8.752886564443356,11674.733193668488
0.707455942281988,0.4135155848353953,1.5749053075363837,87.84666189974597,1.0499047122287601,-0.9533397765160679,-0.15222039148066102,8.90606230414359,11741.580534444398
0.7173174944465615,0.3940828262825782,1.538696403438105,86.83094135644686,1.0478701149813516,-0.9532455680278584,-0.16757485802332184,9.061046289095843,11808.28720534818
0.7273165113001463,0.37491722580641884,1.5039606984927685,85.8452527669094,1.045835566753687,-0.9531604905068348,-0.1829993560843448,9.217826544193,11874.839357887297
0.7374549090259555,0.3560151105656333,1.4706382506052647,84.88891227931829,1.043801480278882,-0.9530846300093562,-0.1984809830736225,9.376390034102881,11941.223176880681
0.7477346305177589,0.3373728582124962,1.4386715568087645,83.96124479998463,1.0417682688051775,-0.9530180689453577,-0.21400664169901518,9.536722682875846,12007.424901497581
0.7581576457522111,0.3189868961986704,1.4080054540034062,83.0615839279308,1.0397363459032878,-0.9529608859795415,-0.22956308381571944,9.698809396450832,12073.430846319834
0.7687259521663735,0.30085370109057075,1.3785870237349696,82.18927190516625,1.0377061252729578,-0.9529131559314448,-0.24513695539030067,9.862634087974747,12139.227422337537
0.779441575040495,0.28296979789414767,1.3503655008491124,81.34365958180547,1.0356780205489062,-0.9528749496767224,-0.26071484225520436,10.02817970583186,12204.80115778753
0.7903065678861347,0.26533175938894304,1.3232921858633673,80.52410639510693,1.0336524451063305,-0.9528463340545126,-0.2762833162451841,10.195428264262935,12270.138718744693
0.8013230128396885,0.24793620547131168,1.2973203609056057,79.72998036145167,1.0316298118661593,-0.9528273717707728,-0.29182898151136527,10.364360876437349,12335.226929377111
0.8124930210614046,0.23077980250666608,1.2724052090737552,78.96065808021993,1.0296105331002285,-0.9528181213155562,-0.307338520537769,10.534957789826668,12400.0527917782
0.8238187331399607,0.21385926269062816,1.248503737077519,78.21552474847843,1.0275950202365645,-0.9528186368694,-0.322798739624929,10.707198423714301,12464.603505291523
0.8353023195026776,0.19717134341896725,1.2255747010285039,77.49397418534984,1.0255836836649574,-0.9528289682250264,-0.3381966134364802,10.881061408663582,12528.866485247436
0.846945980831459,0.18071284666618959,1.203578535250581,76.79540886490447,1.0235769325430053,-0.9528491607038092,-0.35351932839111555,11.05652462775621,12592.829381034784
0.8587519484845167,0.16448061837268702,1.182477283987574,76.11923995639415,1.0215751746028143,-0.9528792550829159,-0.3687543244336169,11.233565259403564,12656.480093435412
0.8707224849239917,0.1484715478402896,1.1622345358902901,75.46488737063365,1.0195788159585324,-0.9529192875175054,-0.3838893351139063,11.41215982152698,12719.806791154706
0.8828598841495146,0.13268256713615445,1.1428153611698306,74.83177981133531,1.0175882609149065,-0.9529692894761207,-0.39891242553891004,11.59228421689672,12782.797926486808
0.8951664721378305,0.11711065050482361,1.1241862513085752,74.21935483020597,1.0156039117770312,-0.9530292876732864,-0.41381202801071737,11.773913779417088,12845.442250059632
0.907644607288536,0.10175281378838696,1.106315061224802,73.62705888463513,1.0136261686614834,-0.9530993040083917,-0.4285769751867221,11.957023321142321,12907.72882461094
0.9202966808760421,0.0866061138545966,1.0891709537910212,73.0543473968251,1.0116554293090056,-0.9531793555053796,-0.4431965305530241,12.141587179809084,12969.647037753844
0.9331251175078243,0.07166764803286396,1.072724346610258,72.50068481325032,1.0096920888989296,-0.9532694542690002,-0.45766041601569185,12.327579266672506,13031.186613696731
0.9461323755890771,0.056934553557988155,1.0569468609583421,71.9655446633726,1.0077365398654985,-0.9533696074246027,-0.47195883653883186,12.514973114437222,13092.337623889985
0.9593209477938243,0.04240400702155678,1.0418112728040887,71.44840961659003,1.0057891717162741,-0.9534798170863018,-0.4860825017717332,12.70374192507916,13153.090496578638
0.9726933615426179,0.028073223830864746,1.027291465822743,70.94877153645045,1.0038503708527886,-0.9536000803078561,-0.5000226444830105,12.893858617361756,13213.436025247494
0.9862521794868785,0.013939457675291589,1.0133623863216101,70.46613153122492,1.001920520393613,-0.9537303890561073,-0.5137710359616179,13.085295873857204,13273.365375951864
1.0,0.0,1.0,70.0,1.0,-0.9538707301773893,-0.5273199982026568,13.278026187293786,13332.870093534057
