k_Mpc_inv,z,a,D,D_norm,f_growth,mu_eff,finite_kernel,T_proxy,P_proxy
0.001,0.0,1.0,0.7255544880918298,1.0,0.5287621380611128,1.0063253094987903,0.09036156426843311,0.7557099824171724,1.3790159071697641e-09
0.001,0.5,0.6666666666666666,0.5574607658723209,0.7683237786019537,0.7631552884817426,1.00669612188163,0.09036156426843311,0.7557099824171724,8.140626406103714e-10
0.001,1.0,0.5,0.43959132952389246,0.6058694925587114,0.8792413454935911,1.0069562368592568,0.09036156426843311,0.7557099824171724,5.062061833059598e-10
0.001,2.0,0.3333333333333333,0.30188561563579364,0.41607573323643404,0.9614258024278558,1.0072736967751879,0.09036156426843311,0.7557099824171724,2.3873387660555127e-10
0.0011689518164985776,0.0,1.0,0.7258017270230273,1.0,0.5287892474970557,1.0064261179632559,0.09180168518937105,0.714357739166694,1.2255648503474801e-09
0.0011689518164985776,0.5,0.6666666666666666,0.5576429228112519,0.7683130282680628,0.7631969554391059,1.0068028401006974,0.09180168518937105,0.714357739166694,7.234569479560877e-10
0.0011689518164985776,1.0,0.5,0.43972916263945616,0.6058530122862398,0.8792910217455219,1.0070671006132557,0.09180168518937105,0.714357739166694,4.498532265748053e-10
0.0011689518164985776,2.0,0.3333333333333333,0.301973739550599,0.4160554161109324,0.9614819918313768,1.0073896199885952,0.09180168518937105,0.714357739166694,2.12147860648744e-10
0.0013664483492953259,0.0,1.0,0.7207917552025062,1.0,0.5282380279764892,1.004377879054643,0.06254112935204188,0.6698061157619174,1.0706555533215691e-09
0.0013664483492953259,0.5,0.6666666666666666,0.5539512713335352,0.7685316422326485,0.7623497574782431,1.0046345260636702,0.06254112935204188,0.6698061157619174,6.323729436647986e-10
0.0013664483492953259,1.0,0.5,0.43693544833046677,0.6061881884424579,0.8782809792021643,1.0048145570823213,0.06254112935204188,0.6698061157619174,3.9342750051794636e-10
0.0013664483492953259,2.0,0.3333333333333333,0.3001872131442821,0.41646871093849375,0.9603395227305102,1.0050342777326562,0.06254112935204188,0.6698061157619174,1.85701123518251e-10
0.001597312280060254,0.0,1.0,0.7162148200838093,1.0,0.5277309606988352,1.0024965092704068,0.035664418148667096,0.6228244279759517,9.199416754946562e-10
0.001597312280060254,0.5,0.6666666666666666,0.5505778196584421,0.7687327938760261,0.7615704591773723,1.002642863618999,0.035664418148667096,0.6228244279759517,5.436396328372514e-10
0.001597312280060254,1.0,0.5,0.43438190143653155,0.6064966672788221,0.8773518974628371,1.0027455272836214,0.035664418148667096,0.6228244279759517,3.3838969684519845e-10
0.001597312280060254,2.0,0.3333333333333333,0.29855360596228475,0.416849243537503,0.9592886331285305,1.0028708241759328,0.035664418148667096,0.6228244279759517,1.5985209383272206e-10
0.0018671810912919207,0.0,1.0,0.7277443441912288,1.0,0.5290019195920741,1.0072172220847104,0.10310317263871913,0.5742614951493076,7.793855598544311e-10
0.0018671810912919207,0.5,0.6666666666666666,0.5590740893384715,0.7682286970705251,0.763523834311405,1.0076403215898375,0.10310317263871913,0.5742614951493076,4.599741307657953e-10
0.0018671810912919207,1.0,0.5,0.44081202568303623,0.6057237396642747,0.8796807347719949,1.0079371145865204,0.10310317263871913,0.5742614951493076,2.8595753520172406e-10
0.0018671810912919207,2.0,0.3333333333333333,0.3026660067690312,0.4158960618311585,0.9619228012767382,1.008299338556226,0.10310317263871913,0.5742614951493076,1.348099572865986e-10
0.0021826447283974874,0.0,1.0,0.7384215911643268,1.0,0.5301603987799302,1.0115348935149358,0.16478419307051081,0.524966152335675,6.489677275114019e-10
0.0021826447283974874,0.5,0.6666666666666666,0.5669375513859399,0.7677694668868029,0.7653045452361953,1.0122111104416953,0.16478419307051081,0.524966152335675,3.8254697666770743e-10
0.0021826447283974874,1.0,0.5,0.44675983271640707,0.605020002207636,0.8818037712278416,1.0126854585457903,0.16478419307051081,0.524966152335675,2.375541194745593e-10
0.0021826447283974874,2.0,0.3333333333333333,0.30646639657671987,0.41502902981681566,0.9643242069079521,1.013264381415292,0.16478419307051081,0.524966152335675,1.1178410413138256e-10
0.0025514065200312875,0.0,1.0,0.7460631041226435,1.0,0.5309788628516702,1.0145938152372354,0.20848307481764647,0.4757309421334072,5.307336057099819e-10
0.0025514065200312875,0.5,0.6666666666666666,0.5725625237587009,0.767445167298581,0.7665627360711194,1.0154493571524372,0.20848307481764647,0.4757309421334072,3.125872782337084e-10
0.0025514065200312875,1.0,0.5,0.45101250283553007,0.6045232639749857,0.8833038676317999,1.0160494969439604,0.20848307481764647,0.4757309421334072,1.9395573465993537e-10
0.0025514065200312875,2.0,0.3333333333333333,0.30918160771824754,0.41441750169623975,0.9660210054190096,1.0167819435316277,0.20848307481764647,0.4757309421334072,9.11491796407704e-11
0.002982471286216891,0.0,1.0,0.7520032790297199,1.0,0.5316091048674418,1.0169540772266854,0.24220110323836436,0.42726570786640755,4.261998968596326e-10
0.002982471286216891,0.5,0.6666666666666666,0.5769335535626134,0.7671955291298836,0.7675316493797112,1.0179479861850498,0.24220110323836436,0.42726570786640755,2.5085656253329153e-10
0.002982471286216891,1.0,0.5,0.45431602427537615,0.6041410149987141,0.8844590855716059,1.0186451867598747,0.24220110323836436,0.42726570786640755,1.5555715154593902e-10
0.002982471286216891,2.0,0.3333333333333333,0.31128964141194104,0.4139471862590623,0.9673277095048503,1.019496092147525,0.24220110323836436,0.42726570786640755,7.303032108429056e-11
0.0034863652276780842,0.0,1.0,0.7567277235048164,1.0,0.532106677577353,1.0188204453320682,0.26886350474383053,0.3801960527663789,3.358956098261212e-10
0.0034863652276780842,0.5,0.6666666666666666,0.5804090225382756,0.766998491676883,0.7682966434355257,1.0199237674985207,0.26886350474383053,0.3801960527663789,1.9760291522536358e-10
0.0034863652276780842,1.0,0.5,0.45694200524275036,0.6038393877343414,0.8853711846691741,1.020697718515054,0.26886350474383053,0.3801960527663789,1.2247493112164803e-10
0.0034863652276780842,2.0,0.3333333333333333,0.3129645994575707,0.41357623057347753,0.9683594181698486,1.0216422947439403,0.26886350474383053,0.3801960527663789,5.745336484599198e-11
0.004075392965871778,0.0,1.0,0.7578459462861222,1.0,0.5322239749978218,1.0192608014977296,0.2751543071104216,0.33507449601304296,2.595256476033977e-10
0.004075392965871778,0.5,0.6666666666666666,0.5812315011096661,0.7669520487086225,0.7684769879936008,1.0203899389257305,0.2751543071104216,0.33507449601304296,1.5265699429870893e-10
0.004075392965871778,1.0,0.5,0.45756336048562896,0.6037683024207633,0.8855862100467515,1.0211819986583988,0.2751543071104216,0.33507449601304296,9.460648377952201e-11
0.004075392965871778,2.0,0.3333333333333333,0.31336083172135454,0.41348882745497484,0.9686026417700271,1.0221486758503064,0.2751543071104216,0.33507449601304296,4.437188125457156e-11
0.004763938010401341,0.0,1.0,0.7553268249893506,1.0,0.5319594741007916,1.0182680214671296,0.26097173524470724,0.29239079953723046,1.96457563457446e-10
0.004763938010401341,0.5,0.6666666666666666,0.5793785616292233,0.7670567792126171,0.7680703213057516,1.019338958560609,0.26097173524470724,0.29239079953723046,1.1559093550081758e-10
0.004763938010401341,1.0,0.5,0.45616347780256133,0.6039286077374425,0.8851013408150744,1.0200901923138532,0.26097173524470724,0.29239079953723046,7.165392060726563e-11
0.004763938010401341,2.0,0.3333333333333333,0.3124680895562852,0.41368594258609936,0.9680541875351715,1.0210070430324296,0.26097173524470724,0.29239079953723046,3.362097318918894e-11
0.005568813990945267,0.0,1.0,0.736476808419426,1.0,0.529950692368405,1.0107522706149805,0.15360386592829361,0.25257167096936584,1.4532740116331742e-10
0.005568813990945267,0.5,0.6666666666666666,0.5655056161228278,0.7678525781911254,0.7649821883991093,1.0113826073737495,0.15360386592829361,0.25257167096936584,8.56846843002218e-11
0.005568813990945267,1.0,0.5,0.4456769788831941,0.6051473363291293,0.8814194405558434,1.0118247717660196,0.15360386592829361,0.25257167096936584,5.3219373692598855e-11
0.005568813990945267,2.0,0.3333333333333333,0.305774751357753,0.41518585223883014,0.9638894819506644,1.0123644157037832,0.15360386592829361,0.25257167096936584,2.50514345060958e-11
0.00650967523045817,0.0,1.0,0.7274108382057247,1.0,0.5289654503112973,1.0070815288917678,0.10116469845382568,0.21596720488744214,1.0551163326665599e-10
0.00650967523045817,0.5,0.6666666666666666,0.5588283992964342,0.7682431577110865,0.763467780229838,1.0074966735740962,0.10116469845382568,0.21596720488744214,6.227270738399612e-11
0.00650967523045817,1.0,0.5,0.4406261370067392,0.605745905702497,0.8796139056005722,1.0077878864751564,0.10116469845382568,0.21596720488744214,3.871518336250554e-11
0.00650967523045817,2.0,0.3333333333333333,0.3025471773925461,0.41592338401064677,0.9618472098893996,1.0081433001615656,0.10116469845382568,0.21596720488744214,1.825269603931047e-11
0.007609496685459876,0.0,1.0,0.7579466202790698,1.0,0.5322345265003054,1.0193004208947714,0.27572029849673346,0.18282919572113915,7.559697597729679e-11
0.007609496685459876,0.5,0.6666666666666666,0.5813055467908349,0.7669478710477038,0.7684932110099697,1.020431880954262,0.27572029849673346,0.18282919572113915,4.446682443250633e-11
0.007609496685459876,1.0,0.5,0.45761929785593364,0.6037619083088489,0.8856055528247725,1.0212255699508543,0.27572029849673346,0.18282919572113915,2.7557247867226216e-11
0.007609496685459876,2.0,0.3333333333333333,0.31339650069317826,0.41348096595217776,0.9686245211513428,1.0221942355941502,0.27572029849673346,0.18282919572113915,1.2924551089273475e-11
0.008895134973108237,0.0,1.0,0.7790126385029612,1.0,0.534410986345057,1.027497841285383,0.39282630407690033,0.15329127300473533,5.3037850353773003e-11
0.008895134973108237,0.5,0.6666666666666666,0.5967911222432296,0.7660865726005305,0.7718398944774195,1.0291098635985882,0.39282630407690033,0.15329127300473533,3.112731168862304e-11
0.008895134973108237,1.0,0.5,0.4693117371151446,0.6024443172283149,0.8895959082253742,1.0302406541744646,0.39282630407690033,0.15329127300473533,1.9249512609545074e-11
0.008895134973108237,2.0,0.3333333333333333,0.32084600193429536,0.4118623833252171,0.973138204776737,1.03162073879869,0.39282630407690033,0.15329127300473533,8.996843587395037e-12
0.0103979841848149,0.0,1.0,0.7927782146751067,1.0,0.5358004092953789,1.0327571740058694,0.46795962865527707,0.1273603055613448,3.649326973257491e-11
0.0103979841848149,0.5,0.6666666666666666,0.6069011959880347,0.7655371764179376,0.7739767487820571,1.0346775173108937,0.46795962865527707,0.1273603055613448,2.138677739527755e-11
0.0103979841848149,1.0,0.5,0.4769389890367855,0.601604560024701,0.8921438398475567,1.0360245868235056,0.46795962865527707,0.1273603055613448,1.3207937829909217e-11
0.0103979841848149,2.0,0.3333333333333333,0.32569884070797617,0.41083222858419843,0.9760203294445409,1.0376686312308243,0.46795962865527707,0.1273603055613448,6.159447926051523e-12
0.012154742500762865,0.0,1.0,0.8003976476017658,1.0,0.5365587388323121,1.0356362910591161,0.5090898722730869,0.10492345733974476,2.4662950725768317e-11
0.012154742500762865,0.5,0.6666666666666666,0.6124942701144335,0.7652374690875868,0.7751431413174823,1.0377254185564702,0.5090898722730869,0.10492345733974476,1.4442337462531469e-11
0.012154742500762865,1.0,0.5,0.481156390516949,0.6011466824754415,0.8935346480802115,1.0391908856697105,0.5090898722730869,0.10492345733974476,8.912631378182394e-12
0.012154742500762865,2.0,0.3333333333333333,0.3283799499029543,0.4102710082755494,0.9775935714450462,1.0409794296082941,0.5090898722730869,0.10492345733974476,4.151324596655886e-12
0.014208308325339224,0.0,1.0,0.8049148424817403,1.0,0.5370047836331892,1.0373326244889853,0.5333232069855056,0.08576904715409665,1.6402083202403037e-11
0.014208308325339224,0.5,0.6666666666666666,0.6158091404370012,0.765061231245678,0.77582924744969,1.03952119715046,0.5333232069855056,0.08576904715409665,9.600445813200964e-12
0.014208308325339224,1.0,0.5,0.48365522664705773,0.6008775104156805,0.8943527723335358,1.041056422388934,0.5333232069855056,0.08576904715409665,5.9220341814902565e-12
0.014208308325339224,2.0,0.3333333333333333,0.3299677882339829,0.40994123951872374,0.9785190138370569,1.0429301033264486,0.5333232069855056,0.08576904715409665,2.756399931628584e-12
0.016608827826277157,0.0,1.0,0.8007689972046788,1.0,0.5365955058058671,1.0357760379286982,0.5110862561242592,0.06961531631819166,1.0739629705592503e-11
0.016608827826277157,0.5,0.6666666666666666,0.6127668068225965,0.7652229406503505,0.7751996951233995,1.0378733578899488,0.5110862561242592,0.06961531631819166,6.288763607289743e-12
0.016608827826277157,1.0,0.5,0.4813618556606081,0.6011244907594376,0.8936020834821531,1.039344571797692,0.5110862561242592,0.06961531631819166,3.880772211291023e-12
0.016608827826277157,2.0,0.3333333333333333,0.32851052943125114,0.41024381635404766,0.9776698526327089,1.0411401294688805,0.5110862561242592,0.06961531631819166,1.8074795597766632e-12
0.019414919457438805,0.0,1.0,0.7893834525105218,1.0,0.535460101856961,1.0314671279944563,0.44953039992080535,0.05614050442558529,6.933760494664486e-12
0.019414919457438805,0.5,0.6666666666666666,0.6044085751021407,0.7656717064183513,0.7734533478675429,1.0333118441644678,0.44953039992080535,0.05614050442558529,4.0649390146142325e-12
0.019414919457438805,1.0,0.5,0.4750589663867451,0.6018101404024719,0.891519742919383,1.0346058632627937,0.44953039992080535,0.05614050442558529,2.5112377933111874e-12
0.019414919457438805,2.0,0.3333333333333333,0.3245031571113789,0.4110843166009406,0.9753143718028754,1.036185161763464,0.44953039992080535,0.05614050442558529,1.1717383725912116e-12
0.022695105366946685,0.0,1.0,0.749482146807996,1.0,0.5313422513684304,1.0159541983005342,0.22791711857906058,0.04500932300515266,4.403418549667405e-12
0.022695105366946685,0.5,0.6666666666666666,0.5750785661910892,0.7673012207699914,0.7671213903241918,1.0168894907615986,0.22791711857906058,0.04500932300515266,2.5925177940323332e-12
0.022695105366946685,1.0,0.5,0.4529141881071843,0.6043028376808193,0.8839699392682768,1.0175455734299315,0.22791711857906058,0.04500932300515266,1.608048838897889e-12
0.022695105366946685,2.0,0.3333333333333333,0.3103952303112228,0.41414626303398866,0.9667744197138616,1.0183462960589516,0.22791711857906058,0.04500932300515266,7.552616994321706e-13
0.02652948464431896,0.0,1.0,0.7411639146078607,1.0,0.5304551308766868,1.0126356122190017,0.18050874598573693,0.0358933604390882,2.7811630466567944e-12
0.02652948464431896,0.5,0.6666666666666666,0.5689564590130504,0.7676526714256956,0.7657576131011856,1.01337635723337,0.18050874598573693,0.0358933604390882,1.6389133070627411e-12
0.02652948464431896,1.0,0.5,0.4482863839031087,0.6048410818007656,0.8823439451592641,1.013895970066588,0.18050874598573693,0.0358933604390882,1.0174404817087955e-12
0.02652948464431896,2.0,0.3333333333333333,0.30744125331559985,0.4148087180934364,0.9649352107246509,1.0145301367257133,0.18050874598573693,0.0358933604390882,4.785443589486714e-13
0.031011689265747787,0.0,1.0,0.7883129640508513,1.0,0.5353524755457227,1.0310593911655004,0.44370558807857624,0.028484983854047845,1.7557175054851638e-12
0.031011689265747787,0.5,0.6666666666666666,0.603622475924218,0.7657142574725949,0.7732878197282766,1.03288020433675,0.44370558807857624,0.028484983854047845,1.0294093454034886e-12
0.031011689265747787,1.0,0.5,0.4744660000591247,0.6018751710247385,0.8913223700813455,1.0341574561201863,0.44370558807857624,0.028484983854047845,6.360152002577767e-13
0.031011689265747787,2.0,0.3333333333333333,0.32412596894739387,0.41116407280914086,0.9750911105799458,1.0357162907843491,0.44370558807857624,0.028484983854047845,2.968143938513919e-13
0.036251170499885334,0.0,1.0,0.8116847304891787,1.0,0.537668423086704,1.0398604002223903,0.5694342888912893,0.022505518061038995,1.0940606810261675e-12
0.036251170499885334,0.5,0.6666666666666666,0.6207757392374931,0.7647990850627061,0.7768501142625973,1.0421971601849238,0.5694342888912893,0.022505518061038995,6.39935392123601e-13
0.036251170499885334,1.0,0.5,0.4873981998115645,0.6004772314958098,0.8955700848486318,1.043836334855195,0.5694342888912893,0.022505518061038995,3.9448863860000697e-13
0.036251170499885334,2.0,0.3333333333333333,0.3323451744898105,0.40945106148481536,0.9798960137308486,1.0458368819123791,0.5694342888912893,0.022505518061038995,1.8341946108009902e-13
0.04237587160604064,0.0,1.0,0.8246007411115452,1.0,0.5389187589521502,1.0446356288142884,0.6376518402041196,0.01770897206819282,6.750721548601817e-13
0.04237587160604064,0.5,0.6666666666666666,0.6302467997276436,0.7643054005482502,0.7787736719672852,1.0472523298442282,0.6376518402041196,0.01770897206819282,3.943520032635853e-13
0.04237587160604064,1.0,0.5,0.49453264359100707,0.5997237437894938,0.8978638393943608,1.0490878756926338,0.6376518402041196,0.01770897206819282,2.4280223581909646e-13
0.04237587160604064,2.0,0.3333333333333333,0.33687334684005266,0.40852903719920763,0.9824906811052296,1.0513280859105893,0.6376518402041196,0.01770897206819282,1.1266682496425111e-13
0.0495353520895917,0.0,1.0,0.8269258839406282,1.0,0.5391416831503311,1.0454887634502734,0.6498394778610477,0.013882613985625509,4.1275171429008767e-13
0.0495353520895917,0.5,0.6666666666666666,0.6319511574668211,0.7642174102173758,0.7791166512475975,1.0481554782996654,0.6498394778610477,0.013882613985625509,2.4105866141409287e-13
0.0495353520895917,1.0,0.5,0.4958160723779287,0.5995894940610269,0.898272832839282,1.050026107505936,0.6498394778610477,0.013882613985625509,1.483873622632938e-13
0.0495353520895917,2.0,0.3333333333333333,0.3376874676510293,0.4083648537421701,0.982953331941113,1.0523091355575278,0.6498394778610477,0.013882613985625509,6.883124102252977e-14
0.05790443980602486,0.0,1.0,0.825056845360358,1.0,0.5389625395896627,1.044803136168151,0.6400448024021563,0.010845504625505067,2.5046546083811337e-13
0.05790443980602486,0.5,0.6666666666666666,0.6305811445790187,0.7642881192066243,0.778841029913675,1.0474296570813773,0.6400448024021563,0.010845504625505067,1.4630597487544326e-13
0.05790443980602486,1.0,0.5,0.4947844252026686,0.5996973759869393,0.8979441617578616,1.0492720913154991,0.6400448024021563,0.010845504625505067,9.007663260420132e-14
0.05790443980602486,2.0,0.3333333333333333,0.33703307116138453,0.4084967878960867,0.9825815412048446,1.0515207085324298,0.6400448024021563,0.010845504625505067,4.1795077706199067e-14
0.06768750009458535,0.0,1.0,0.8124987260997312,1.0,0.53774783013691,1.0401631725736014,0.5737596081943042,0.008445843696101105,1.5076944612657515e-13
0.06768750009458535,0.5,0.6666666666666666,0.6213728011350328,0.7647677235358048,0.7769722695003923,1.042517682139855,0.5737596081943042,0.008445843696101105,8.818047634719368e-14
0.06768750009458535,1.0,0.5,0.48784808432414356,0.600429352875394,0.8957157475880801,1.0441693076828267,0.5737596081943042,0.008445843696101105,5.43547083532527e-14
0.06768750009458535,2.0,0.3333333333333333,0.33263084148427563,0.4093924467808291,0.9800607849784553,1.0461850505316443,0.5737596081943042,0.008445843696101105,2.526928716690867e-14
0.07912342618981323,0.0,1.0,0.7917683814249532,1.0,0.5356993371236863,1.0323738987914277,0.46248426844896806,0.006557739278096734,9.01021328012453e-14
0.07912342618981323,0.5,0.6666666666666666,0.6061597650751791,0.7655771299988862,0.7738212955368284,1.034271773125475,0.46248426844896806,0.006557739278096734,5.280961166475921e-14
0.07912342618981323,1.0,0.5,0.4763798071528253,0.6016656112176139,0.8919584788160848,1.0356030812553672,0.46248426844896806,0.006557739278096734,3.2617107923006495e-14
0.07912342618981323,2.0,0.3333333333333333,0.3253432369303497,0.4109070841460306,0.9758106550478195,1.0372278895261178,0.46248426844896806,0.006557739278096734,1.5213261437346485e-14
0.09249147277217336,0.0,1.0,0.744892520461335,1.0,0.5308540510616647,1.014126889623552,0.201812708907886,0.005077811566514989,5.331437265986385e-14
0.09249147277217336,0.5,0.6666666666666666,0.5717009971675501,0.7674946136034202,0.7663708616069247,1.014955058680643,0.201812708907886,0.005077811566514989,3.140472362210451e-14
0.09249147277217336,1.0,0.5,0.4503612655334832,0.6045989900053775,0.883075100899305,1.015535997143665,0.201812708907886,0.005077811566514989,1.9488532514743163e-14
0.09249147277217336,2.0,0.3333333333333333,0.30876592140005227,0.4145107017705373,0.965762240715436,1.0162450092786635,0.201812708907886,0.005077811566514989,9.160428694123684e-15
0.10811807510766078,0.0,1.0,0.7436830975845262,1.0,0.5307248838223758,1.0136438425557808,0.19491203651115382,0.003921890583596118,3.162422064047936e-14
0.10811807510766078,0.5,0.6666666666666666,0.5708108294182924,0.7675457883502786,0.7661722939231189,1.0144436936571641,0.19491203651115382,0.003921890583596118,1.8630667598025044e-14
0.10811807510766078,1.0,0.5,0.4496883378686741,0.6046773677245811,0.8828383546288691,1.0150047678309764,0.19491203651115382,0.003921890583596118,1.1562913028687775e-14
0.10811807510766078,2.0,0.3333333333333333,0.3083363481826117,0.41460717499709815,0.9654944503644506,1.0156895363963034,0.19491203651115382,0.003921890583596118,5.436175368598103e-15
0.12638482029342984,0.0,1.0,0.7832976105161252,1.0,0.5348462044415168,1.0291430561993669,0.41632937427666883,0.0030219589535701416,1.879713829867538e-14
0.12638482029342984,0.5,0.6666666666666666,0.5999389540996509,0.7659144443251182,0.7725092037738513,1.030851526925516,0.41632937427666883,0.0030219589535701416,1.1026870051929587e-14
0.12638482029342984,1.0,0.5,0.47168706324639437,0.6021811593879285,0.8903939680230918,1.0320499734857553,0.41632937427666883,0.0030219589535701416,6.816258679686313e-15
0.12638482029342984,2.0,0.3333333333333333,0.3223578595961088,0.4115394395033363,0.9740409370468777,1.0335126295301431,0.41632937427666883,0.0030219589535701416,3.1835718817986264e-15
0.1477377652598511,0.0,1.0,0.7950547410848877,1.0,0.536027772518178,1.033619753109955,0.48028218728507,0.0023234160757124147,1.1071791181724066e-14
0.1477377652598511,0.5,0.6666666666666666,0.6085725104776691,0.7654473069957985,0.7743264486769179,1.0355906639031054,0.48028218728507,0.0023234160757124147,6.48706851877469e-15
0.1477377652598511,1.0,0.5,0.478199384923212,0.6014672452247597,0.8925608202329763,1.0369732051573612,0.48028218728507,0.0023234160757124147,4.005362700156484e-15
0.1477377652598511,2.0,0.3333333333333333,0.32650027032162776,0.41066388696217765,0.9764920047002023,1.0386605414051693,0.48028218728507,0.0023234160757124147,1.8672003201014384e-15
0.17269832906594343,0.0,1.0,0.7979883815368787,1.0,0.5363197684475988,1.0347283433437224,0.49611919062460536,0.0017826906337445614,6.485543099203932e-15
0.17269832906594343,0.5,0.6666666666666666,0.6107259673589374,0.7653319039341339,0.7747755696149173,1.0367642436818516,0.49611919062460536,0.0017826906337445614,3.798796117903005e-15
0.17269832906594343,1.0,0.5,0.47982318232828847,0.6012909378507206,0.8930963526563763,1.0381923733652443,0.49611919062460536,0.0017826906337445614,2.344853243687258e-15
0.17269832906594343,2.0,0.3333333333333333,0.32753256455168234,0.410447786120487,0.9770977834458686,1.039935348465583,0.49611919062460536,0.0017826906337445614,1.092602487078644e-15
0.2018760254679039,0.0,1.0,0.7919460984145366,1.0,0.5357171341641216,1.0324413789846263,0.46344827120894727,0.0013651972681212382,3.779137555225718e-15
0.2018760254679039,0.5,0.6666666666666666,0.606290249591842,0.7655700947395604,0.7738486680192652,1.0343432092501958,0.46344827120894727,0.0013651972681212382,2.214943337660628e-15
0.2018760254679039,1.0,0.5,0.4764782195713758,0.6016548607604452,0.8919911174862489,1.0356772923603397,0.46344827120894727,0.0013651972681212382,1.3680046050299954e-15
0.2018760254679039,2.0,0.3333333333333333,0.32540582291483705,0.41089390245913743,0.9758475748438231,1.037305487383385,0.46344827120894727,0.0013651972681212382,6.380461506874777e-16
0.23598334667821938,0.0,1.0,0.7829699668979525,1.0,0.5348130136082972,1.0290175172878426,0.41453596125489595,0.0010436149369299574,2.193211848094698e-15
0.23598334667821938,0.5,0.6666666666666666,0.5996982841794796,0.7659275700643069,0.7724581595380459,1.0307186284716754,0.41453596125489595,0.0010436149369299574,1.2866368580225934e-15
0.23598334667821938,1.0,0.5,0.47150547302319656,0.6022012247688802,0.8903331045007177,1.0319119125096432,0.41453596125489595,0.0010436149369299574,7.953601949740205e-16
0.23598334667821938,2.0,0.3333333333333333,0.3222422981240885,0.41156405960343506,0.9739720906475294,1.033368267902291,0.41453596125489595,0.0010436149369299574,3.7149713440412834e-16
0.2758531617629184,0.0,1.0,0.7682030111202888,1.0,0.5333019226609801,1.0233144105772585,0.333063008246549,0.0007964549213446152,1.2673594368794623e-15
0.2758531617629184,0.5,0.6666666666666666,0.5888470896337562,0.7665253599761689,0.7701344276467041,1.0246811851425677,0.333063008246549,0.0007964549213446152,7.446511396636733e-16
0.2758531617629184,1.0,0.5,0.4633150634237766,0.6031153962129271,0.8875624045621396,1.0256399409768624,0.333063008246549,0.0007964549213446152,4.609996900270216e-16
0.2758531617629184,2.0,0.3333333333333333,0.31702695046851975,0.41268641996884625,0.9708380019651788,1.0268100640867683,0.333063008246549,0.0007964549213446152,2.158440886383697e-16
0.32245905452963947,0.0,1.0,0.7497256781046171,1.0,0.531368069020269,1.016050902248911,0.22929860355587106,0.0006068826285721538,7.295806591776105e-16
0.32245905452963947,0.5,0.6666666666666666,0.5752577613134167,0.7672909947111948,0.7671610817683046,1.016991863843088,0.22929860355587106,0.0006068826285721538,4.295300126959766e-16
0.32245905452963947,1.0,0.5,0.45304961569079943,0.6042871798604458,0.8840172627228714,1.0176519232568073,0.22929860355587106,0.0006068826285721538,2.664158591419529e-16
0.32245905452963947,2.0,0.3333333333333333,0.3104816449409091,0.4141269987255049,0.9668279488151991,1.0184574993443545,0.22929860355587106,0.0006068826285721538,1.2512393744145916e-16
0.376939097538836,0.0,1.0,0.7238435191528123,1.0,0.5285742689207471,1.0056269154876796,0.08038450696685095,0.00046175719734488043,4.1820301153584786e-16
0.376939097538836,0.5,0.6666666666666666,0.5562001168147285,0.7683982823604003,0.7628665383151896,1.0059567855028027,0.08038450696685095,0.00046175719734488043,2.469220800027917e-16
0.376939097538836,1.0,0.5,0.43863738306855443,0.6059837125874061,0.8788970920086863,1.0061881805035477,0.08038450696685095,0.00046175719734488043,1.535709457839832e-16
0.376939097538836,2.0,0.3333333333333333,0.3012756575099032,0.41621655722291573,0.9610364134839543,1.006470588837561,0.08038450696685095,0.00046175719734488043,7.244790995931114e-17
0.44062364277735727,0.0,1.0,0.7245509981880147,1.0,0.5286520079970143,1.0059158617493125,0.08451231070446354,0.00035085494288219246,2.40157289879345e-16
0.44062364277735727,0.5,0.6666666666666666,0.5567214046098047,0.7683674523975196,0.7629860206939376,1.0062626708330786,0.08451231070446354,0.00035085494288219246,1.417861121994478e-16
0.44062364277735727,1.0,0.5,0.43903185726671906,0.60593644666099,0.8790395410351666,1.0065059481378271,0.08451231070446354,0.00035085494288219246,8.817590496536967e-17
0.44062364277735727,2.0,0.3333333333333333,0.3015278969459236,0.4161582796794101,0.9611975390987036,1.0068028583481428,0.08451231070446354,0.00035085494288219246,4.1592291973573373e-17
0.5150678076168121,0.0,1.0,0.7328040372629642,1.0,0.5295530820487782,1.0092696586045242,0.13242369435034543,0.00026624588203284576,1.3773861055338696e-16
0.5150678076168121,0.5,0.6666666666666666,0.5628009618590573,0.7680101817685512,0.7643710071531814,1.009813079317125,0.13242369435034543,0.00026624588203284576,8.12436923665154e-17
0.5150678076168121,1.0,0.5,0.4436313812500899,0.6053888334281847,0.8806907627668202,1.0101942744255992,0.13242369435034543,0.00026624588203284576,5.0480600177824834e-17
0.5150678076168121,2.0,0.3333333333333333,0.30446787362310357,0.4154833463531347,0.9630652600905966,1.0106595077935263,0.13242369435034543,0.00026624588203284576,2.3777322009290864e-17
0.6020894493336132,0.0,1.0,0.7293045924079954,1.0,0.5291723041913493,1.0078513657549597,0.1121623679279949,0.00020179628600013735,7.864667002931534e-17
0.6020894493336132,0.5,0.6666666666666666,0.5602234471787855,0.7681611400924503,0.7637857217853968,1.0083116410418367,0.1121623679279949,0.00020179628600013735,4.64071614757801e-17
0.6020894493336132,1.0,0.5,0.4416815856068483,0.6056201897049869,0.8799929646500644,1.0086345118559972,0.1121623679279949,0.00020179628600013735,2.8845696432414576e-17
0.6020894493336132,2.0,0.3333333333333333,0.3032218290032432,0.4157684349718335,0.9622759690087733,1.0090285627578528,0.1121623679279949,0.00020179628600013735,1.3595130112937461e-17
0.7038135554931555,0.0,1.0,0.7237532769119445,1.0,0.5285643472608318,1.0055900424915523,0.07985774987931661,0.0001527739905735493,4.478785698462856e-17
0.7038135554931555,0.5,0.6666666666666666,0.5561336226822776,0.7684022171963716,0.7628512891179341,1.0059177508790806,0.07985774987931661,0.0001527739905735493,2.6444630393289047e-17
0.7038135554931555,1.0,0.5,0.4385870639157776,0.605989745272184,0.8788789116591704,1.0061476295558318,0.07985774987931661,0.0001527739905735493,1.644715679613012e-17
0.7038135554931555,2.0,0.3333333333333333,0.3012434807496539,0.41622399560659223,0.961015849502883,1.0064281872771195,0.07985774987931661,0.0001527739905735493,7.759156485136013e-18
0.8227241341700465,0.0,1.0,0.7179929835149048,1.0,0.5279283580512163,1.0032285923557092,0.04612274793870359,0.00011553679475093078,2.545015824243843e-17
0.8227241341700465,0.5,0.6666666666666666,0.5518885245214205,0.7686544815795735,0.7618738294262739,1.0034178640466624,0.04612274793870359,0.00011553679475093078,1.5036709666066967e-17
0.8227241341700465,1.0,0.5,0.43537411671784865,0.6063765617687414,0.8777135752590234,1.0035506330801038,0.04612274793870359,0.00011553679475093078,9.3578331917234e-18
0.8227241341700465,2.0,0.3333333333333333,0.2991884417069044,0.4167010661333204,0.9596977284780208,1.0037126723697252,0.04612274793870359,0.00011553679475093078,4.419159840430599e-18
0.9617248711152965,0.0,1.0,0.7138575761323913,1.0,0.5274684916972369,1.00152372711057,0.021767530150999484,8.728755700447638e-05,1.4436591093442296e-17
0.9617248711152965,0.5,0.6666666666666666,0.5488400691307825,0.7688369325774238,0.7611670924499758,1.001613053471719,0.021767530150999484,8.728755700447638e-05,8.53361666570909e-18
0.9617248711152965,1.0,0.5,0.43306626660688063,0.6066563991002102,0.876871006127886,1.001675713527065,0.021767530150999484,8.728755700447638e-05,5.313127299407271e-18
0.9617248711152965,2.0,0.3333333333333333,0.29771169255814556,0.4170463444138502,0.9587446957051059,1.0017521876158848,0.021767530150999484,8.728755700447638e-05,2.510922411818317e-18
1.1242100350620863,0.0,1.0,0.711443354753738,1.0,0.5271987429074123,1.0005247138549458,0.0074959122135115465,6.588249070506651e-05,8.176007002322981e-18
1.1242100350620863,0.5,0.6666666666666666,0.5470600795049498,0.7689439726291513,0.7607525486312889,1.0005554744675131,0.0074959122135115465,6.588249070506651e-05,4.834267175254475e-18
1.1242100350620863,1.0,0.5,0.43171848438357097,0.6068206013857671,0.8763767921371179,1.000577052215237,0.0074959122135115465,6.588249070506651e-05,3.0106612152424108e-18
1.1242100350620863,2.0,0.3333333333333333,0.29684903100690324,0.41724900376595103,0.9581856900446846,1.0006033869924225,0.0074959122135115465,6.588249070506651e-05,1.423416092912258e-18
1.3141473626117568,0.0,1.0,0.7104459621491452,1.0,0.5270870230982527,1.0001111826042897,0.0015883229184237289,4.968165252393307e-05,4.6232083097949675e-18
1.3141473626117568,0.5,0.6666666666666666,0.5463246386774328,0.7689883084489145,0.7605808633102005,1.000117700528264,0.0015883229184237289,4.968165252393307e-05,2.733901957212327e-18
1.3141473626117568,1.0,0.5,0.4311615693607756,0.6068886197290555,0.8761721118021396,1.0001222726777583,0.0015883229184237289,4.968165252393307e-05,1.702791405777424e-18
1.3141473626117568,2.0,0.3333333333333333,0.2964925197787619,0.4173329648913096,0.9579541763412746,1.0001278528031605,0.0015883229184237289,4.968165252393307e-05,8.052094136244661e-19
1.536174946671828,0.0,1.0,0.7101975144027466,1.0,0.5270591686344331,1.000008099503515,0.00011570719307067274,3.743272622197319e-05,2.610130637934605e-18
1.536174946671828,0.5,0.6666666666666666,0.5461414360364294,0.7689993627979913,0.7605380582736317,1.0000085743255294,0.00011570719307067274,3.743272622197319e-05,1.5435269062091194e-18
1.536174946671828,1.0,0.5,0.4310228339980232,0.6069055794436279,0.8761210804321484,1.0000089074004843,0.00011570719307067274,3.743272622197319e-05,9.614008564020486e-19
1.536174946671828,2.0,0.3333333333333333,0.2964037030640072,0.4173539009261012,0.9578964548429297,1.0000093139051311,0.00011570719307067274,3.743272622197319e-05,4.546437222679898e-19
1.795714494371641,0.0,1.0,0.7101813151175599,1.0,0.5270573521164397,1.0000013772605825,1.9675151178097775e-05,2.818096201923774e-05,1.4712850613460757e-18
1.795714494371641,0.5,0.6666666666666666,0.5461294907732114,0.76900008370793,0.7605352667638431,1.0000014580005492,1.9675151178097775e-05,2.818096201923774e-05,8.7006079458004e-19
1.795714494371641,1.0,0.5,0.43101378804774676,0.6069066854798889,0.8761177524469734,1.0000015146374783,1.9675151178097775e-05,2.818096201923774e-05,5.41926849576294e-19
1.795714494371641,2.0,0.3333333333333333,0.2963979118892656,0.4173552662959055,0.9578926905647882,1.0000015837605827,1.9675151178097775e-05,2.818096201923774e-05,2.562764038563552e-19
2.0991037201085545,0.0,1.0,0.710178285003353,1.0,0.5270570123277147,1.000000119835435,1.7119347829660276e-06,2.1199579327504075e-05,8.280690772302442e-19
2.0991037201085545,0.5,0.6666666666666666,0.5461272563825715,0.7690002185577852,0.7605347445981087,1.000000126860619,1.7119347829660276e-06,2.1199579327504075e-05,4.896880359286851e-19
2.0991037201085545,1.0,0.5,0.43101209597981155,0.6069068923696767,0.8761171299308739,1.0000001317885976,1.7119347829660276e-06,2.1199579327504075e-05,3.050076317618393e-19
2.0991037201085545,2.0,0.3333333333333333,0.296396828634451,0.41735552169558604,0.9578919864379346,1.0000001378029986,1.7119347829660276e-06,2.1199579327504075e-05,1.4423773513452174e-19
2.4537511066398165,0.0,1.0,0.7101780015801548,1.0,0.5270569805453355,1.0000000022213422,3.173345925006989e-08,1.593612062815376e-05,4.653764415015488e-19
2.4537511066398165,0.5,0.6666666666666666,0.5461270473877431,0.7690002311710638,0.7605346957569667,1.0000000023515652,3.173345925006989e-08,1.593612062815376e-05,2.752056432832724e-19
2.4537511066398165,1.0,0.5,0.43101193771139035,0.6069069117212635,0.8761170717033898,1.0000000024429132,3.173345925006989e-08,1.593612062815376e-05,1.7141489672191875e-19
2.4537511066398165,2.0,0.3333333333333333,0.29639672731165534,0.41735554558458443,0.9578919205769306,1.0000000025543998,3.173345925006989e-08,1.593612062815376e-05,8.10618986232185e-20
2.868316813342012,0.0,1.0,0.7101779962485631,1.0,0.5270569799474633,1.0000000000088538,1.264838913015134e-10,1.1971197797153354e-05,2.611809570518842e-19
2.868316813342012,0.5,0.6666666666666666,0.5461270434562544,0.7690002314083374,0.760534694838195,1.000000000009373,1.264838913015134e-10,1.1971197797153354e-05,1.5445232489904895e-19
2.868316813342012,1.0,0.5,0.4310119347341372,0.6069069120852943,0.8761170706080479,1.000000000009737,1.264838913015134e-10,1.1971197797153354e-05,9.620234898018418e-20
2.868316813342012,2.0,0.3333333333333333,0.29639672540562984,0.41735554603397007,0.9578919193379921,1.0000000000101814,1.264838913015134e-10,1.1971197797153354e-05,4.5493975243218e-20
3.3529241492495565,0.0,1.0,0.7101779962272383,1.0,0.527056979945072,1.0000000000000044,6.313199537254204e-14,8.98683691176632e-06,1.4638855881929444e-19
3.3529241492495565,0.5,0.6666666666666666,0.5461270434405293,0.769000231409286,0.7605346948345203,1.0000000000000047,6.313199537254204e-14,8.98683691176632e-06,8.656853663272795e-20
3.3529241492495565,1.0,0.5,0.4310119347222289,0.6069069120867501,0.8761170706036667,1.0000000000000049,6.313199537254204e-14,8.98683691176632e-06,5.392017619228624e-20
3.3529241492495565,2.0,0.3333333333333333,0.29639672539800627,0.41735554603576747,0.9578919193330363,1.000000000000005,6.313199537254204e-14,8.98683691176632e-06,2.5498786534998876e-20
3.919406774847221,0.0,1.0,0.7101779962272281,1.0,0.5270569799450706,1.0,1.96794669741187e-18,6.742236890173974e-06,8.194614880868717e-20
3.919406774847221,0.5,0.6666666666666666,0.5461270434405219,0.7690002314092866,0.7605346948345186,1.0,1.96794669741187e-18,6.742236890173974e-06,4.845978567090599e-20
3.919406774847221,1.0,0.5,0.4310119347222233,0.6069069120867511,0.8761170706036645,1.0,1.96794669741187e-18,6.742236890173974e-06,3.018371666257128e-20
3.919406774847221,2.0,0.3333333333333333,0.2963967253980027,0.41735554603576847,0.957891919333034,1.0,1.96794669741187e-18,6.742236890173974e-06,1.4273843343299385e-20
4.581597669054491,0.0,1.0,0.7101779962272281,1.0,0.5270569799450706,1.0,1.3548587218486644e-24,5.05524001276408e-06,4.58174813114408e-20
4.581597669054491,0.5,0.6666666666666666,0.5461270434405219,0.7690002314092866,0.7605346948345186,1.0,1.3548587218486644e-24,5.05524001276408e-06,2.709468787260184e-20
4.581597669054491,1.0,0.5,0.4310119347222233,0.6069069120867511,0.8761170706036645,1.0,1.3548587218486644e-24,5.05524001276408e-06,1.687622779352112e-20
4.581597669054491,2.0,0.3333333333333333,0.2963967253980027,0.41735554603576847,0.957891919333034,1.0,1.3548587218486644e-24,5.05524001276408e-06,7.980747846379856e-21
5.3556669177068965,0.0,1.0,0.7101779962272281,1.0,0.5270569799450706,1.0,4.531417146397557e-33,3.7881928208562616e-06,2.558815210764499e-20
5.3556669177068965,0.5,0.6666666666666666,0.5461270434405219,0.7690002314092866,0.7605346948345186,1.0,4.531417146397557e-33,3.7881928208562616e-06,1.5131844325545225e-20
5.3556669177068965,1.0,0.5,0.4310119347222233,0.6069069120867511,0.8761170706036645,1.0,4.531417146397557e-33,3.7881928208562616e-06,9.425037593152341e-21
5.3556669177068965,2.0,0.3333333333333333,0.2963967253980027,0.41735554603576847,0.957891919333034,1.0,4.531417146397557e-33,3.7881928208562616e-06,4.457088953402055e-21
6.260516572014821,0.0,1.0,0.7101779962272281,1.0,0.5270569799450706,1.0,7.952891650347692e-45,2.837174387541406e-06,1.427492878131666e-20
6.260516572014821,0.5,0.6666666666666666,0.5461270434405219,0.7690002314092866,0.7605346948345186,1.0,7.952891650347692e-45,2.837174387541406e-06,8.441641239602936e-21
6.260516572014821,1.0,0.5,0.4310119347222233,0.6069069120867511,0.8761170706036645,1.0,7.952891650347692e-45,2.837174387541406e-06,5.257970166719649e-21
6.260516572014821,2.0,0.3333333333333333,0.2963967253980027,0.41735554603576847,0.957891919333034,1.0,7.952891650347692e-45,2.837174387541406e-06,2.486487774269498e-21
7.318242219076174,0.0,1.0,0.7101779962272281,1.0,0.5270569799450706,1.0,5.24180066735441e-60,2.123802208289774e-06,7.955310657761324e-21
7.318242219076174,0.5,0.6666666666666666,0.5461270434405219,0.7690002314092866,0.7605346948345186,1.0,5.24180066735441e-60,2.123802208289774e-06,4.7044632972394116e-21
7.318242219076174,1.0,0.5,0.4310119347222233,0.6069069120867511,0.8761170706036645,1.0,5.24180066735441e-60,2.123802208289774e-06,2.9302273059493188e-21
7.318242219076174,2.0,0.3333333333333333,0.2963967253980027,0.41735554603576847,0.957891919333034,1.0,5.24180066735441e-60,2.123802208289774e-06,1.385700972247854e-21
8.554672535565684,0.0,1.0,0.7101779962272281,1.0,0.5270569799450706,1.0,6.566657154602746e-81,1.5890075626281785e-06,4.429024213452246e-21
8.554672535565684,0.5,0.6666666666666666,0.5461270434405219,0.7690002314092866,0.7605346948345186,1.0,6.566657154602746e-81,1.5890075626281785e-06,2.6191537642144297e-21
8.554672535565684,1.0,0.5,0.4310119347222233,0.6069069120867511,0.8761170706036645,1.0,6.566657154602746e-81,1.5890075626281785e-06,1.6313690624145382e-21
8.554672535565684,2.0,0.3333333333333333,0.2963967253980027,0.41735554603576847,0.957891919333034,1.0,6.566657154602746e-81,1.5890075626281785e-06,7.714724694883431e-22
10.0,0.0,1.0,0.7101779962272281,1.0,0.5270569799450706,1.0,1.0706122888134727e-109,1.188313123114171e-06,2.463457257688148e-21
10.0,0.5,0.6666666666666666,0.5461270434405219,0.7690002314092866,0.7605346948345186,1.0,1.0706122888134727e-109,1.188313123114171e-06,1.4567934241267244e-21
10.0,1.0,0.5,0.4310119347222233,0.6069069120867511,0.8761170706036645,1.0,1.0706122888134727e-109,1.188313123114171e-06,9.073799923167512e-22
10.0,2.0,0.3333333333333333,0.2963967253980027,0.41735554603576847,0.957891919333034,1.0,1.0706122888134727e-109,1.188313123114171e-06,4.290989081286377e-22
