branch_id,parent_id,depth,weight,phase,observation_token,memory_length,memory_record,memory_hash
b0.0.0.0.0,b0.0.0.0,4,0.006466595944432005,1.0333333333333334,,0,EMPTY,cc1d2f838445db7a
b0.0.0.0.1,b0.0.0.0,4,0.005126201621549004,1.2656182139630148,,0,EMPTY,cc1d2f838445db7a
b0.0.0.0.2,b0.0.0.0,4,0.004806969577731234,1.3299163140981078,t4:q2:r2,1,t4:q2:r2,551c21015b186952
b0.0.0.0.3,b0.0.0.0,4,0.004222777909956315,1.4594899902635545,t4:q3:r0,1,t4:q3:r0,6af09efde58bb5db
b0.0.0.0.4,b0.0.0.0,4,0.002449033778840915,2.0042896034599873,t4:q4:r1,1,t4:q4:r1,de2188d0f8b87475
b0.0.0.1.0,b0.0.0.1,4,0.0051262016215490045,1.2656182139630145,,1,t3:q1:r1,15b6f910cc830186
b0.0.0.1.1,b0.0.0.1,4,0.004063643884754851,1.4979030945926959,,1,t3:q1:r1,15b6f910cc830186
b0.0.0.1.2,b0.0.0.1,4,0.003810582175823106,1.562201194727789,t4:q2:r0,2,t3:q1:r1|t4:q2:r0,28d166f7e83150e8
b0.0.0.1.3,b0.0.0.1,4,0.00334748160476891,1.6917748708932356,t4:q3:r1,2,t3:q1:r1|t4:q3:r1,56c0b34234df91fd
b0.0.0.1.4,b0.0.0.1,4,0.0019413986951097944,2.2365744840896684,t4:q4:r2,2,t3:q1:r1|t4:q4:r2,643fee9606a09da1
b0.0.0.2.0,b0.0.0.2,4,0.004806969577731234,1.3299163140981078,,1,t3:q2:r2,31563140965101ea
b0.0.0.2.1,b0.0.0.2,4,0.0038105821758231055,1.5622011947277892,,1,t3:q2:r2,31563140965101ea
b0.0.0.2.2,b0.0.0.2,4,0.003573279778076996,1.6264992948628825,t4:q2:r0,2,t3:q2:r2|t4:q2:r0,8ed4ef8a54f30fb9
b0.0.0.2.3,b0.0.0.2,4,0.003139018599755491,1.756072971028329,t4:q3:r1,2,t3:q2:r2|t4:q3:r1,6afc4ff1c5512eea
b0.0.0.2.4,b0.0.0.2,4,0.0018204989102281813,2.300872584224762,t4:q4:r2,2,t3:q2:r2|t4:q4:r2,94386422d54541ce
b0.0.0.3.0,b0.0.0.3,4,0.0029757412986734966,1.8094899902635544,,0,EMPTY,cc1d2f838445db7a
b0.0.0.3.1,b0.0.0.3,4,0.002358930417433136,2.041774870893236,,0,EMPTY,cc1d2f838445db7a
b0.0.0.3.2,b0.0.0.3,4,0.0022120290206532073,2.106072971028329,t4:q2:r2,1,t4:q2:r2,551c21015b186952
b0.0.0.3.3,b0.0.0.3,4,0.0019432008323641884,2.2356466471937755,t4:q3:r0,1,t4:q3:r0,6af09efde58bb5db
b0.0.0.3.4,b0.0.0.3,4,0.0011269748442870185,2.7804462603902085,t4:q4:r1,1,t4:q4:r1,de2188d0f8b87475
b0.0.0.4.0,b0.0.0.4,4,0.003475344360961859,1.6542896034599872,,1,t3:q4:r1,3f52a1fd3d4d81fc
b0.0.0.4.1,b0.0.0.4,4,0.002754975887111604,1.8865744840896685,,1,t3:q4:r1,3f52a1fd3d4d81fc
b0.0.0.4.2,b0.0.0.4,4,0.0025834109257542016,1.9508725842247618,t4:q2:r0,2,t3:q4:r1|t4:q2:r0,a6cad113bc5fd26b
b0.0.0.4.3,b0.0.0.4,4,0.0022694486439341025,2.0804462603902083,t4:q3:r1,2,t3:q4:r1|t4:q3:r1,afb379d7c1417e66
b0.0.0.4.4,b0.0.0.4,4,0.0013161848685518068,2.625245873586641,t4:q4:r2,2,t3:q4:r1|t4:q4:r2,2ff0eefb8ad065d6
b0.0.1.0.0,b0.0.1.0,4,0.0051262016215490045,1.2656182139630148,,0,EMPTY,cc1d2f838445db7a
b0.0.1.0.1,b0.0.1.0,4,0.004063643884754851,1.497903094592696,,0,EMPTY,cc1d2f838445db7a
b0.0.1.0.2,b0.0.1.0,4,0.003810582175823106,1.5622011947277894,t4:q2:r2,1,t4:q2:r2,551c21015b186952
b0.0.1.0.3,b0.0.1.0,4,0.00334748160476891,1.6917748708932359,t4:q3:r0,1,t4:q3:r0,6af09efde58bb5db
b0.0.1.0.4,b0.0.1.0,4,0.0019413986951097944,2.236574484089669,t4:q4:r1,1,t4:q4:r1,de2188d0f8b87475
b0.0.1.1.0,b0.0.1.1,4,0.004063643884754851,1.497903094592696,,1,t3:q1:r1,15b6f910cc830186
b0.0.1.1.1,b0.0.1.1,4,0.0032213328388584982,1.7301879752223774,,1,t3:q1:r1,15b6f910cc830186
b0.0.1.1.2,b0.0.1.1,4,0.003020725695034266,1.7944860753574705,t4:q2:r0,2,t3:q1:r1|t4:q2:r0,28d166f7e83150e8
b0.0.1.1.3,b0.0.1.1,4,0.0026536164897154537,1.9240597515229172,t4:q3:r1,2,t3:q1:r1|t4:q3:r1,56c0b34234df91fd
b0.0.1.1.4,b0.0.1.1,4,0.001538986079300967,2.46885936471935,t4:q4:r2,2,t3:q1:r1|t4:q4:r2,643fee9606a09da1
b0.0.1.2.0,b0.0.1.2,4,0.003810582175823106,1.5622011947277892,,1,t3:q2:r2,31563140965101ea
b0.0.1.2.1,b0.0.1.2,4,0.003020725695034266,1.7944860753574705,,1,t3:q2:r2,31563140965101ea
b0.0.1.2.2,b0.0.1.2,4,0.0028326112764782414,1.8587841754925636,t4:q2:r0,2,t3:q2:r2|t4:q2:r0,8ed4ef8a54f30fb9
b0.0.1.2.3,b0.0.1.2,4,0.00248836364207884,1.9883578516580103,t4:q3:r1,2,t3:q2:r2|t4:q3:r1,6afc4ff1c5512eea
b0.0.1.2.4,b0.0.1.2,4,0.0014431463703365181,2.533157464854443,t4:q4:r2,2,t3:q2:r2|t4:q4:r2,94386422d54541ce
b0.0.1.3.0,b0.0.1.3,4,0.002358930417433136,2.041774870893236,,0,EMPTY,cc1d2f838445db7a
b0.0.1.3.1,b0.0.1.3,4,0.0018699719349836608,2.274059751522917,,0,EMPTY,cc1d2f838445db7a
b0.0.1.3.2,b0.0.1.3,4,0.0017535202214620381,2.33835785165801,t4:q2:r2,1,t4:q2:r2,551c21015b186952
b0.0.1.3.3,b0.0.1.3,4,0.001540414670014708,2.467931527823457,t4:q3:r0,1,t4:q3:r0,6af09efde58bb5db
b0.0.1.3.4,b0.0.1.3,4,0.0008933757921280612,3.0127311410198896,t4:q4:r1,1,t4:q4:r1,de2188d0f8b87475
b0.0.1.4.0,b0.0.1.4,4,0.0027549758871116044,1.8865744840896685,,1,t3:q4:r1,3f52a1fd3d4d81fc
b0.0.1.4.1,b0.0.1.4,4,0.0021839252028727717,2.11885936471935,,1,t3:q4:r1,3f52a1fd3d4d81fc
b0.0.1.4.2,b0.0.1.4,4,0.0020479221820147,2.183157464854443,t4:q2:r0,2,t3:q4:r1|t4:q2:r0,a6cad113bc5fd26b
b0.0.1.4.3,b0.0.1.4,4,0.0017990379201864649,2.3127311410198894,t4:q3:r1,2,t3:q4:r1|t4:q3:r1,afb379d7c1417e66
b0.0.1.4.4,b0.0.1.4,4,0.0010433664118504255,2.8575307542163224,t4:q4:r2,2,t3:q4:r1|t4:q4:r2,2ff0eefb8ad065d6
b0.0.2.0.0,b0.0.2.0,4,0.004806969577731234,1.3299163140981078,,1,t2:q2:r2,fe3f5fcb885a05fa
b0.0.2.0.1,b0.0.2.0,4,0.0038105821758231055,1.5622011947277892,,1,t2:q2:r2,fe3f5fcb885a05fa
b0.0.2.0.2,b0.0.2.0,4,0.003573279778076996,1.6264992948628825,t4:q2:r0,2,t2:q2:r2|t4:q2:r0,15bd5c58c3d39ab6
b0.0.2.0.3,b0.0.2.0,4,0.003139018599755491,1.756072971028329,t4:q3:r1,2,t2:q2:r2|t4:q3:r1,b198caf3d1c15f91
b0.0.2.0.4,b0.0.2.0,4,0.0018204989102281813,2.300872584224762,t4:q4:r2,2,t2:q2:r2|t4:q4:r2,fd0843aca4346550
b0.0.2.1.0,b0.0.2.1,4,0.003810582175823106,1.5622011947277892,,2,t2:q2:r2|t3:q1:r2,eaaa253cf539913f
b0.0.2.1.1,b0.0.2.1,4,0.003020725695034266,1.7944860753574705,,2,t2:q2:r2|t3:q1:r2,eaaa253cf539913f
b0.0.2.1.2,b0.0.2.1,4,0.0028326112764782414,1.8587841754925636,t4:q2:r1,3,t2:q2:r2|t3:q1:r2|t4:q2:r1,0a17a7ff4e660659
b0.0.2.1.3,b0.0.2.1,4,0.00248836364207884,1.9883578516580103,t4:q3:r2,3,t2:q2:r2|t3:q1:r2|t4:q3:r2,64e25f2d73c03c52
b0.0.2.1.4,b0.0.2.1,4,0.0014431463703365181,2.533157464854443,t4:q4:r0,3,t2:q2:r2|t3:q1:r2|t4:q4:r0,7f90e67a8abfae48
b0.0.2.2.0,b0.0.2.2,4,0.0035732797780769964,1.6264992948628823,,2,t2:q2:r2|t3:q2:r0,de0a5bca19ac9ba3
b0.0.2.2.1,b0.0.2.2,4,0.0028326112764782414,1.8587841754925636,,2,t2:q2:r2|t3:q2:r0,de0a5bca19ac9ba3
b0.0.2.2.2,b0.0.2.2,4,0.002656211603993614,1.9230822756276567,t4:q2:r1,3,t2:q2:r2|t3:q2:r0|t4:q2:r1,c8addd5abc4e4988
b0.0.2.2.3,b0.0.2.2,4,0.002333401845827326,2.0526559517931036,t4:q3:r2,3,t2:q2:r2|t3:q2:r0|t4:q3:r2,cf4b012b67879c2e
b0.0.2.2.4,b0.0.2.2,4,0.0013532750388239056,2.597455564989536,t4:q4:r0,3,t2:q2:r2|t3:q2:r0|t4:q4:r0,e0867ed0fd2d7a7f
b0.0.2.3.0,b0.0.2.3,4,0.0022120290206532078,2.106072971028329,,1,t2:q2:r2,fe3f5fcb885a05fa
b0.0.2.3.1,b0.0.2.3,4,0.001753520221462038,2.33835785165801,,1,t2:q2:r2,fe3f5fcb885a05fa
b0.0.2.3.2,b0.0.2.3,4,0.0016443204892821783,2.402655951793103,t4:q2:r0,2,t2:q2:r2|t4:q2:r0,15bd5c58c3d39ab6
b0.0.2.3.3,b0.0.2.3,4,0.0014444859961661213,2.53222962795855,t4:q3:r1,2,t2:q2:r2|t4:q3:r1,b198caf3d1c15f91
b0.0.2.3.4,b0.0.2.3,4,0.0008377411914874057,3.0770292411549827,t4:q4:r2,2,t2:q2:r2|t4:q4:r2,fd0843aca4346550
b0.0.2.4.0,b0.0.2.4,4,0.0025834109257542016,1.9508725842247616,,2,t2:q2:r2|t3:q4:r2,c4f25e5d873d543b
b0.0.2.4.1,b0.0.2.4,4,0.0020479221820147,2.183157464854443,,2,t2:q2:r2|t3:q4:r2,c4f25e5d873d543b
b0.0.2.4.2,b0.0.2.4,4,0.001920388691916285,2.247455564989536,t4:q2:r1,3,t2:q2:r2|t3:q4:r2|t4:q2:r1,271b816fdd070443
b0.0.2.4.3,b0.0.2.4,4,0.0016870035925173063,2.3770292411549825,t4:q3:r2,3,t2:q2:r2|t3:q4:r2|t4:q3:r2,5e2a6b264cb14783
b0.0.2.4.4,b0.0.2.4,4,0.0009783912086306237,2.9218288543514155,t4:q4:r0,3,t2:q2:r2|t3:q4:r2|t4:q4:r0,bb544d00a5a11043
b0.0.3.0.0,b0.0.3.0,4,0.004222777909956315,1.4594899902635545,,0,EMPTY,cc1d2f838445db7a
b0.0.3.0.1,b0.0.3.0,4,0.0033474816047689097,1.6917748708932359,,0,EMPTY,cc1d2f838445db7a
b0.0.3.0.2,b0.0.3.0,4,0.003139018599755491,1.756072971028329,t4:q2:r2,1,t4:q2:r2,551c21015b186952
b0.0.3.0.3,b0.0.3.0,4,0.002757533241607426,1.8856466471937756,t4:q3:r0,1,t4:q3:r0,6af09efde58bb5db
b0.0.3.0.4,b0.0.3.0,4,0.0015992534296086474,2.4304462603902084,t4:q4:r1,1,t4:q4:r1,de2188d0f8b87475
b0.0.3.1.0,b0.0.3.1,4,0.0033474816047689097,1.6917748708932356,,1,t3:q1:r1,15b6f910cc830186
b0.0.3.1.1,b0.0.3.1,4,0.0026536164897154532,1.924059751522917,,1,t3:q1:r1,15b6f910cc830186
b0.0.3.1.2,b0.0.3.1,4,0.00248836364207884,1.98835785165801,t4:q2:r0,2,t3:q1:r1|t4:q2:r0,28d166f7e83150e8
b0.0.3.1.3,b0.0.3.1,4,0.002185952469594863,2.1179315278234565,t4:q3:r1,2,t3:q1:r1|t4:q3:r1,56c0b34234df91fd
b0.0.3.1.4,b0.0.3.1,4,0.0012677605953077273,2.6627311410198895,t4:q4:r2,2,t3:q1:r1|t4:q4:r2,643fee9606a09da1
b0.0.3.2.0,b0.0.3.2,4,0.003139018599755491,1.7560729710283292,,1,t3:q2:r2,31563140965101ea
b0.0.3.2.1,b0.0.3.2,4,0.0024883636420788397,1.9883578516580105,,1,t3:q2:r2,31563140965101ea
b0.0.3.2.2,b0.0.3.2,4,0.002333401845827326,2.0526559517931036,t4:q2:r0,2,t3:q2:r2|t4:q2:r0,8ed4ef8a54f30fb9
b0.0.3.2.3,b0.0.3.2,4,0.002049823201556747,2.1822296279585505,t4:q3:r1,2,t3:q2:r2|t4:q3:r1,6afc4ff1c5512eea
b0.0.3.2.4,b0.0.3.2,4,0.0011888113389596272,2.727029241154983,t4:q4:r2,2,t3:q2:r2|t4:q4:r2,94386422d54541ce
b0.0.3.3.0,b0.0.3.3,4,0.0019432008323641884,2.2356466471937755,,0,EMPTY,cc1d2f838445db7a
b0.0.3.3.1,b0.0.3.3,4,0.0015404146700147077,2.467931527823457,,0,EMPTY,cc1d2f838445db7a
b0.0.3.3.2,b0.0.3.3,4,0.0014444859961661213,2.53222962795855,t4:q2:r2,1,t4:q2:r2,551c21015b186952
b0.0.3.3.3,b0.0.3.3,4,0.0012689374162277226,2.6618033041239966,t4:q3:r0,1,t4:q3:r0,6af09efde58bb5db
b0.0.3.3.4,b0.0.3.3,4,0.0007359303903360988,3.2066029173204296,t4:q4:r1,1,t4:q4:r1,de2188d0f8b87475
b0.0.3.4.0,b0.0.3.4,4,0.0022694486439341025,2.0804462603902083,,1,t3:q4:r1,3f52a1fd3d4d81fc
b0.0.3.4.1,b0.0.3.4,4,0.0017990379201864649,2.31273114101989,,1,t3:q4:r1,3f52a1fd3d4d81fc
b0.0.3.4.2,b0.0.3.4,4,0.0016870035925173061,2.377029241154983,t4:q2:r0,2,t3:q4:r1|t4:q2:r0,a6cad113bc5fd26b
b0.0.3.4.3,b0.0.3.4,4,0.001481981816049124,2.5066029173204294,t4:q3:r1,2,t3:q4:r1|t4:q3:r1,afb379d7c1417e66
b0.0.3.4.4,b0.0.3.4,4,0.00085948719173106,3.0514025305168624,t4:q4:r2,2,t3:q4:r1|t4:q4:r2,2ff0eefb8ad065d6
b0.0.4.0.0,b0.0.4.0,4,0.0024490337788409156,2.004289603459987,,1,t2:q4:r1,fdcbd870a065ef15
b0.0.4.0.1,b0.0.4.0,4,0.0019413986951097944,2.2365744840896684,,1,t2:q4:r1,fdcbd870a065ef15
b0.0.4.0.2,b0.0.4.0,4,0.0018204989102281815,2.3008725842247615,t4:q2:r0,2,t2:q4:r1|t4:q2:r0,ae66c45a4d04292e
b0.0.4.0.3,b0.0.4.0,4,0.0015992534296086476,2.430446260390208,t4:q3:r1,2,t2:q4:r1|t4:q3:r1,25c37c7d9b3ece7a
b0.0.4.0.4,b0.0.4.0,4,0.0009274998007364488,2.975245873586641,t4:q4:r2,2,t2:q4:r1|t4:q4:r2,c13a042a0c64d1ac
b0.0.4.1.0,b0.0.4.1,4,0.0019413986951097946,2.236574484089668,,2,t2:q4:r1|t3:q1:r2,be6a421582c54494
b0.0.4.1.1,b0.0.4.1,4,0.0015389860793009673,2.4688593647193495,,2,t2:q4:r1|t3:q1:r2,be6a421582c54494
b0.0.4.1.2,b0.0.4.1,4,0.0014431463703365184,2.5331574648544426,t4:q2:r1,3,t2:q4:r1|t3:q1:r2|t4:q2:r1,d636aea9163dcb51
b0.0.4.1.3,b0.0.4.1,4,0.0012677605953077273,2.662731141019889,t4:q3:r2,3,t2:q4:r1|t3:q1:r2|t4:q3:r2,ec3d9705168e805a
b0.0.4.1.4,b0.0.4.1,4,0.0007352478836435448,3.207530754216322,t4:q4:r0,3,t2:q4:r1|t3:q1:r2|t4:q4:r0,60a55681d1102b41
b0.0.4.2.0,b0.0.4.2,4,0.0018204989102281815,2.300872584224762,,2,t2:q4:r1|t3:q2:r0,b49db9364f40f0c4
b0.0.4.2.1,b0.0.4.2,4,0.0014431463703365181,2.533157464854443,,2,t2:q4:r1|t3:q2:r0,b49db9364f40f0c4
b0.0.4.2.2,b0.0.4.2,4,0.0013532750388239058,2.597455564989536,t4:q2:r1,3,t2:q4:r1|t3:q2:r0|t4:q2:r1,f04785dd5f9798e8
b0.0.4.2.3,b0.0.4.2,4,0.0011888113389596274,2.727029241154983,t4:q3:r2,3,t2:q4:r1|t3:q2:r0|t4:q3:r2,acc6876f6bca9342
b0.0.4.2.4,b0.0.4.2,4,0.0006894606318074974,3.2718288543514156,t4:q4:r0,3,t2:q4:r1|t3:q2:r0|t4:q4:r0,937f4dff8261ccee
b0.0.4.3.0,b0.0.4.3,4,0.0011269748442870185,2.7804462603902076,,1,t2:q4:r1,fdcbd870a065ef15
b0.0.4.3.1,b0.0.4.3,4,0.0008933757921280611,3.012731141019889,,1,t2:q4:r1,fdcbd870a065ef15
b0.0.4.3.2,b0.0.4.3,4,0.0008377411914874056,3.077029241154982,t4:q2:r0,2,t2:q4:r1|t4:q2:r0,ae66c45a4d04292e
b0.0.4.3.3,b0.0.4.3,4,0.0007359303903360988,3.2066029173204287,t4:q3:r1,2,t2:q4:r1|t4:q3:r1,25c37c7d9b3ece7a
b0.0.4.3.4,b0.0.4.3,4,0.0004268087082105938,3.7514025305168617,t4:q4:r2,2,t2:q4:r1|t4:q4:r2,c13a042a0c64d1ac
b0.0.4.4.0,b0.0.4.4,4,0.0013161848685518068,2.625245873586641,,2,t2:q4:r1|t3:q4:r2,c78cf84910990f35
b0.0.4.4.1,b0.0.4.4,4,0.0010433664118504255,2.8575307542163224,,2,t2:q4:r1|t3:q4:r2,c78cf84910990f35
b0.0.4.4.2,b0.0.4.4,4,0.0009783912086306237,2.9218288543514155,t4:q2:r1,3,t2:q4:r1|t3:q4:r2|t4:q2:r1,d1b85f05a6dc5de3
b0.0.4.4.3,b0.0.4.4,4,0.00085948719173106,3.051402530516862,t4:q3:r2,3,t2:q4:r1|t3:q4:r2|t4:q3:r2,c01ca0a969eb4659
b0.0.4.4.4,b0.0.4.4,4,0.0004984664621048611,3.596202143713295,t4:q4:r0,3,t2:q4:r1|t3:q4:r2|t4:q4:r0,b032cf2aef3649f4
b0.1.0.0.0,b0.1.0.0,4,0.0051262016215490045,1.2656182139630148,,0,EMPTY,cc1d2f838445db7a
b0.1.0.0.1,b0.1.0.0,4,0.004063643884754851,1.4979030945926959,,0,EMPTY,cc1d2f838445db7a
b0.1.0.0.2,b0.1.0.0,4,0.003810582175823106,1.5622011947277892,t4:q2:r2,1,t4:q2:r2,551c21015b186952
b0.1.0.0.3,b0.1.0.0,4,0.00334748160476891,1.6917748708932359,t4:q3:r0,1,t4:q3:r0,6af09efde58bb5db
b0.1.0.0.4,b0.1.0.0,4,0.0019413986951097944,2.2365744840896684,t4:q4:r1,1,t4:q4:r1,de2188d0f8b87475
b0.1.0.1.0,b0.1.0.1,4,0.004063643884754851,1.4979030945926959,,1,t3:q1:r1,15b6f910cc830186
b0.1.0.1.1,b0.1.0.1,4,0.0032213328388584982,1.7301879752223772,,1,t3:q1:r1,15b6f910cc830186
b0.1.0.1.2,b0.1.0.1,4,0.003020725695034266,1.7944860753574705,t4:q2:r0,2,t3:q1:r1|t4:q2:r0,28d166f7e83150e8
b0.1.0.1.3,b0.1.0.1,4,0.0026536164897154537,1.924059751522917,t4:q3:r1,2,t3:q1:r1|t4:q3:r1,56c0b34234df91fd
b0.1.0.1.4,b0.1.0.1,4,0.001538986079300967,2.46885936471935,t4:q4:r2,2,t3:q1:r1|t4:q4:r2,643fee9606a09da1
b0.1.0.2.0,b0.1.0.2,4,0.003810582175823106,1.5622011947277892,,1,t3:q2:r2,31563140965101ea
b0.1.0.2.1,b0.1.0.2,4,0.003020725695034266,1.7944860753574705,,1,t3:q2:r2,31563140965101ea
b0.1.0.2.2,b0.1.0.2,4,0.0028326112764782414,1.8587841754925636,t4:q2:r0,2,t3:q2:r2|t4:q2:r0,8ed4ef8a54f30fb9
b0.1.0.2.3,b0.1.0.2,4,0.00248836364207884,1.9883578516580103,t4:q3:r1,2,t3:q2:r2|t4:q3:r1,6afc4ff1c5512eea
b0.1.0.2.4,b0.1.0.2,4,0.0014431463703365181,2.533157464854443,t4:q4:r2,2,t3:q2:r2|t4:q4:r2,94386422d54541ce
b0.1.0.3.0,b0.1.0.3,4,0.002358930417433136,2.041774870893236,,0,EMPTY,cc1d2f838445db7a
b0.1.0.3.1,b0.1.0.3,4,0.0018699719349836608,2.274059751522917,,0,EMPTY,cc1d2f838445db7a
b0.1.0.3.2,b0.1.0.3,4,0.0017535202214620381,2.33835785165801,t4:q2:r2,1,t4:q2:r2,551c21015b186952
b0.1.0.3.3,b0.1.0.3,4,0.001540414670014708,2.467931527823457,t4:q3:r0,1,t4:q3:r0,6af09efde58bb5db
b0.1.0.3.4,b0.1.0.3,4,0.0008933757921280612,3.0127311410198896,t4:q4:r1,1,t4:q4:r1,de2188d0f8b87475
b0.1.0.4.0,b0.1.0.4,4,0.0027549758871116044,1.8865744840896685,,1,t3:q4:r1,3f52a1fd3d4d81fc
b0.1.0.4.1,b0.1.0.4,4,0.0021839252028727717,2.11885936471935,,1,t3:q4:r1,3f52a1fd3d4d81fc
b0.1.0.4.2,b0.1.0.4,4,0.0020479221820147,2.183157464854443,t4:q2:r0,2,t3:q4:r1|t4:q2:r0,a6cad113bc5fd26b
b0.1.0.4.3,b0.1.0.4,4,0.0017990379201864649,2.3127311410198894,t4:q3:r1,2,t3:q4:r1|t4:q3:r1,afb379d7c1417e66
b0.1.0.4.4,b0.1.0.4,4,0.0010433664118504255,2.8575307542163224,t4:q4:r2,2,t3:q4:r1|t4:q4:r2,2ff0eefb8ad065d6
b0.1.1.0.0,b0.1.1.0,4,0.004063643884754851,1.497903094592696,,0,EMPTY,cc1d2f838445db7a
b0.1.1.0.1,b0.1.1.0,4,0.0032213328388584982,1.7301879752223774,,0,EMPTY,cc1d2f838445db7a
b0.1.1.0.2,b0.1.1.0,4,0.003020725695034266,1.7944860753574705,t4:q2:r2,1,t4:q2:r2,551c21015b186952
b0.1.1.0.3,b0.1.1.0,4,0.0026536164897154537,1.9240597515229172,t4:q3:r0,1,t4:q3:r0,6af09efde58bb5db
b0.1.1.0.4,b0.1.1.0,4,0.001538986079300967,2.46885936471935,t4:q4:r1,1,t4:q4:r1,de2188d0f8b87475
b0.1.1.1.0,b0.1.1.1,4,0.0032213328388584987,1.7301879752223772,,1,t3:q1:r1,15b6f910cc830186
b0.1.1.1.1,b0.1.1.1,4,0.002553615807142552,1.9624728558520586,,1,t3:q1:r1,15b6f910cc830186
b0.1.1.1.2,b0.1.1.1,4,0.002394590459834198,2.0267709559871516,t4:q2:r0,2,t3:q1:r1|t4:q2:r0,28d166f7e83150e8
b0.1.1.1.3,b0.1.1.1,4,0.0021035755549658596,2.1563446321525985,t4:q3:r1,2,t3:q1:r1|t4:q3:r1,56c0b34234df91fd
b0.1.1.1.4,b0.1.1.1,4,0.0012199854456728246,2.701144245349031,t4:q4:r2,2,t3:q1:r1|t4:q4:r2,643fee9606a09da1
b0.1.1.2.0,b0.1.1.2,4,0.0030207256950342655,1.7944860753574705,,1,t3:q2:r2,31563140965101ea
b0.1.1.2.1,b0.1.1.2,4,0.0023945904598341975,2.0267709559871516,,1,t3:q2:r2,31563140965101ea
b0.1.1.2.2,b0.1.1.2,4,0.002245468348954678,2.091069056122245,t4:q2:r0,2,t3:q2:r2|t4:q2:r0,8ed4ef8a54f30fb9
b0.1.1.2.3,b0.1.1.2,4,0.001972576274540769,2.2206427322876916,t4:q3:r1,2,t3:q2:r2|t4:q3:r1,6afc4ff1c5512eea
b0.1.1.2.4,b0.1.1.2,4,0.0011440113666173106,2.765442345484124,t4:q4:r2,2,t3:q2:r2|t4:q4:r2,94386422d54541ce
b0.1.1.3.0,b0.1.1.3,4,0.0018699719349836606,2.274059751522917,,0,EMPTY,cc1d2f838445db7a
b0.1.1.3.1,b0.1.1.3,4,0.0014823646394078738,2.506344632152598,,0,EMPTY,cc1d2f838445db7a
b0.1.1.3.2,b0.1.1.3,4,0.0013900510067305911,2.5706427322876912,t4:q2:r2,1,t4:q2:r2,551c21015b186952
b0.1.1.3.3,b0.1.1.3,4,0.0012211179184755537,2.700216408453138,t4:q3:r0,1,t4:q3:r0,6af09efde58bb5db
b0.1.1.3.4,b0.1.1.3,4,0.0007081970906505655,3.2450160216495707,t4:q4:r1,1,t4:q4:r1,de2188d0f8b87475
b0.1.1.4.0,b0.1.1.4,4,0.0021839252028727717,2.11885936471935,,1,t3:q4:r1,3f52a1fd3d4d81fc
b0.1.1.4.1,b0.1.1.4,4,0.0017312417557103878,2.3511442453490314,,1,t3:q4:r1,3f52a1fd3d4d81fc
b0.1.1.4.2,b0.1.1.4,4,0.0016234294055884493,2.4154423454841245,t4:q2:r0,2,t3:q4:r1|t4:q2:r0,a6cad113bc5fd26b
b0.1.1.4.3,b0.1.1.4,4,0.001426133808720291,2.545016021649571,t4:q3:r1,2,t3:q4:r1|t4:q3:r1,afb379d7c1417e66
b0.1.1.4.4,b0.1.1.4,4,0.0008270976937878254,3.089815634846004,t4:q4:r2,2,t3:q4:r1|t4:q4:r2,2ff0eefb8ad065d6
b0.1.2.0.0,b0.1.2.0,4,0.003810582175823106,1.5622011947277892,,1,t2:q2:r2,fe3f5fcb885a05fa
b0.1.2.0.1,b0.1.2.0,4,0.003020725695034266,1.7944860753574705,,1,t2:q2:r2,fe3f5fcb885a05fa
b0.1.2.0.2,b0.1.2.0,4,0.0028326112764782414,1.8587841754925636,t4:q2:r0,2,t2:q2:r2|t4:q2:r0,15bd5c58c3d39ab6
b0.1.2.0.3,b0.1.2.0,4,0.00248836364207884,1.9883578516580103,t4:q3:r1,2,t2:q2:r2|t4:q3:r1,b198caf3d1c15f91
b0.1.2.0.4,b0.1.2.0,4,0.0014431463703365181,2.533157464854443,t4:q4:r2,2,t2:q2:r2|t4:q4:r2,fd0843aca4346550
b0.1.2.1.0,b0.1.2.1,4,0.0030207256950342664,1.7944860753574703,,2,t2:q2:r2|t3:q1:r2,eaaa253cf539913f
b0.1.2.1.1,b0.1.2.1,4,0.002394590459834198,2.0267709559871516,,2,t2:q2:r2|t3:q1:r2,eaaa253cf539913f
b0.1.2.1.2,b0.1.2.1,4,0.0022454683489546786,2.0910690561222447,t4:q2:r1,3,t2:q2:r2|t3:q1:r2|t4:q2:r1,0a17a7ff4e660659
b0.1.2.1.3,b0.1.2.1,4,0.0019725762745407696,2.2206427322876916,t4:q3:r2,3,t2:q2:r2|t3:q1:r2|t4:q3:r2,64e25f2d73c03c52
b0.1.2.1.4,b0.1.2.1,4,0.0011440113666173108,2.765442345484124,t4:q4:r0,3,t2:q2:r2|t3:q1:r2|t4:q4:r0,7f90e67a8abfae48
b0.1.2.2.0,b0.1.2.2,4,0.0028326112764782414,1.8587841754925638,,2,t2:q2:r2|t3:q2:r0,de0a5bca19ac9ba3
b0.1.2.2.1,b0.1.2.2,4,0.002245468348954678,2.091069056122245,,2,t2:q2:r2|t3:q2:r0,de0a5bca19ac9ba3
b0.1.2.2.2,b0.1.2.2,4,0.0021056327546324425,2.155367156257338,t4:q2:r1,3,t2:q2:r2|t3:q2:r0|t4:q2:r1,c8addd5abc4e4988
b0.1.2.2.3,b0.1.2.2,4,0.001849734919050384,2.2849408324227847,t4:q3:r2,3,t2:q2:r2|t3:q2:r0|t4:q3:r2,cf4b012b67879c2e
b0.1.2.2.4,b0.1.2.2,4,0.001072768541290115,2.8297404456192177,t4:q4:r0,3,t2:q2:r2|t3:q2:r0|t4:q4:r0,e0867ed0fd2d7a7f
b0.1.2.3.0,b0.1.2.3,4,0.001753520221462038,2.33835785165801,,1,t2:q2:r2,fe3f5fcb885a05fa
b0.1.2.3.1,b0.1.2.3,4,0.001390051006730591,2.5706427322876912,,1,t2:q2:r2,fe3f5fcb885a05fa
b0.1.2.3.2,b0.1.2.3,4,0.001303486166591614,2.6349408324227848,t4:q2:r0,2,t2:q2:r2|t4:q2:r0,15bd5c58c3d39ab6
b0.1.2.3.3,b0.1.2.3,4,0.001145073315153912,2.7645145085882312,t4:q3:r1,2,t2:q2:r2|t4:q3:r1,b198caf3d1c15f91
b0.1.2.3.4,b0.1.2.3,4,0.0006640944155384885,3.3093141217846638,t4:q4:r2,2,t2:q2:r2|t4:q4:r2,fd0843aca4346550
b0.1.2.4.0,b0.1.2.4,4,0.0020479221820147,2.1831574648544434,,2,t2:q2:r2|t3:q4:r2,c4f25e5d873d543b
b0.1.2.4.1,b0.1.2.4,4,0.0016234294055884493,2.4154423454841245,,2,t2:q2:r2|t3:q4:r2,c4f25e5d873d543b
b0.1.2.4.2,b0.1.2.4,4,0.001522331024096528,2.4797404456192176,t4:q2:r1,3,t2:q2:r2|t3:q4:r2|t4:q2:r1,271b816fdd070443
b0.1.2.4.3,b0.1.2.4,4,0.0013373219273066553,2.6093141217846645,t4:q3:r2,3,t2:q2:r2|t3:q4:r2|t4:q3:r2,5e2a6b264cb14783
b0.1.2.4.4,b0.1.2.4,4,0.0007755905337660809,3.154113734981097,t4:q4:r0,3,t2:q2:r2|t3:q4:r2|t4:q4:r0,bb544d00a5a11043
b0.1.3.0.0,b0.1.3.0,4,0.0033474816047689097,1.6917748708932356,,0,EMPTY,cc1d2f838445db7a
b0.1.3.0.1,b0.1.3.0,4,0.0026536164897154532,1.924059751522917,,0,EMPTY,cc1d2f838445db7a
b0.1.3.0.2,b0.1.3.0,4,0.00248836364207884,1.98835785165801,t4:q2:r2,1,t4:q2:r2,551c21015b186952
b0.1.3.0.3,b0.1.3.0,4,0.002185952469594863,2.1179315278234565,t4:q3:r0,1,t4:q3:r0,6af09efde58bb5db
b0.1.3.0.4,b0.1.3.0,4,0.0012677605953077273,2.6627311410198895,t4:q4:r1,1,t4:q4:r1,de2188d0f8b87475
b0.1.3.1.0,b0.1.3.1,4,0.0026536164897154532,1.924059751522917,,1,t3:q1:r1,15b6f910cc830186
b0.1.3.1.1,b0.1.3.1,4,0.002103575554965859,2.1563446321525985,,1,t3:q1:r1,15b6f910cc830186
b0.1.3.1.2,b0.1.3.1,4,0.001972576274540769,2.2206427322876916,t4:q2:r0,2,t3:q1:r1|t4:q2:r0,28d166f7e83150e8
b0.1.3.1.3,b0.1.3.1,4,0.0017328488111144052,2.350216408453138,t4:q3:r1,2,t3:q1:r1|t4:q3:r1,56c0b34234df91fd
b0.1.3.1.4,b0.1.3.1,4,0.0010049795093503748,2.895016021649571,t4:q4:r2,2,t3:q1:r1|t4:q4:r2,643fee9606a09da1
b0.1.3.2.0,b0.1.3.2,4,0.00248836364207884,1.9883578516580103,,1,t3:q2:r2,31563140965101ea
b0.1.3.2.1,b0.1.3.2,4,0.001972576274540769,2.2206427322876916,,1,t3:q2:r2,31563140965101ea
b0.1.3.2.2,b0.1.3.2,4,0.001849734919050384,2.2849408324227847,t4:q2:r0,2,t3:q2:r2|t4:q2:r0,8ed4ef8a54f30fb9
b0.1.3.2.3,b0.1.3.2,4,0.0016249363822950164,2.4145145085882316,t4:q3:r1,2,t3:q2:r2|t4:q3:r1,6afc4ff1c5512eea
b0.1.3.2.4,b0.1.3.2,4,0.0009423948342926749,2.959314121784664,t4:q4:r2,2,t3:q2:r2|t4:q4:r2,94386422d54541ce
b0.1.3.3.0,b0.1.3.3,4,0.0015404146700147077,2.467931527823457,,0,EMPTY,cc1d2f838445db7a
b0.1.3.3.1,b0.1.3.3,4,0.0012211179184755537,2.700216408453138,,0,EMPTY,cc1d2f838445db7a
b0.1.3.3.2,b0.1.3.3,4,0.0011450733151539118,2.7645145085882312,t4:q2:r2,1,t4:q2:r2,551c21015b186952
b0.1.3.3.3,b0.1.3.3,4,0.0010059123991366227,2.894088184753678,t4:q3:r0,1,t4:q3:r0,6af09efde58bb5db
b0.1.3.3.4,b0.1.3.3,4,0.0005833869307292032,3.4388877979501107,t4:q4:r1,1,t4:q4:r1,de2188d0f8b87475
b0.1.3.4.0,b0.1.3.4,4,0.001799037920186465,2.3127311410198894,,1,t3:q4:r1,3f52a1fd3d4d81fc
b0.1.3.4.1,b0.1.3.4,4,0.001426133808720291,2.545016021649571,,1,t3:q4:r1,3f52a1fd3d4d81fc
b0.1.3.4.2,b0.1.3.4,4,0.0013373219273066551,2.609314121784664,t4:q2:r0,2,t3:q4:r1|t4:q2:r0,a6cad113bc5fd26b
b0.1.3.4.3,b0.1.3.4,4,0.0011747970112588246,2.7388877979501105,t4:q3:r1,2,t3:q4:r1|t4:q3:r1,afb379d7c1417e66
b0.1.3.4.4,b0.1.3.4,4,0.0006813329105162379,3.2836874111465435,t4:q4:r2,2,t3:q4:r1|t4:q4:r2,2ff0eefb8ad065d6
b0.1.4.0.0,b0.1.4.0,4,0.0019413986951097948,2.2365744840896684,,1,t2:q4:r1,fdcbd870a065ef15
b0.1.4.0.1,b0.1.4.0,4,0.0015389860793009675,2.46885936471935,,1,t2:q4:r1,fdcbd870a065ef15
b0.1.4.0.2,b0.1.4.0,4,0.0014431463703365186,2.533157464854443,t4:q2:r0,2,t2:q4:r1|t4:q2:r0,ae66c45a4d04292e
b0.1.4.0.3,b0.1.4.0,4,0.0012677605953077275,2.6627311410198895,t4:q3:r1,2,t2:q4:r1|t4:q3:r1,25c37c7d9b3ece7a
b0.1.4.0.4,b0.1.4.0,4,0.0007352478836435449,3.2075307542163225,t4:q4:r2,2,t2:q4:r1|t4:q4:r2,c13a042a0c64d1ac
b0.1.4.1.0,b0.1.4.1,4,0.0015389860793009675,2.46885936471935,,2,t2:q4:r1|t3:q1:r2,be6a421582c54494
b0.1.4.1.1,b0.1.4.1,4,0.001219985445672825,2.701144245349031,,2,t2:q4:r1|t3:q1:r2,be6a421582c54494
b0.1.4.1.2,b0.1.4.1,4,0.001144011366617311,2.765442345484124,t4:q2:r1,3,t2:q4:r1|t3:q1:r2|t4:q2:r1,d636aea9163dcb51
b0.1.4.1.3,b0.1.4.1,4,0.0010049795093503753,2.895016021649571,t4:q3:r2,3,t2:q4:r1|t3:q1:r2|t4:q3:r2,ec3d9705168e805a
b0.1.4.1.4,b0.1.4.1,4,0.0005828458938460962,3.4398156348460036,t4:q4:r0,3,t2:q4:r1|t3:q1:r2|t4:q4:r0,60a55681d1102b41
b0.1.4.2.0,b0.1.4.2,4,0.0014431463703365184,2.533157464854443,,2,t2:q4:r1|t3:q2:r0,b49db9364f40f0c4
b0.1.4.2.1,b0.1.4.2,4,0.0011440113666173108,2.765442345484124,,2,t2:q4:r1|t3:q2:r0,b49db9364f40f0c4
b0.1.4.2.2,b0.1.4.2,4,0.0010727685412901151,2.8297404456192172,t4:q2:r1,3,t2:q4:r1|t3:q2:r0|t4:q2:r1,f04785dd5f9798e8
b0.1.4.2.3,b0.1.4.2,4,0.0009423948342926751,2.959314121784664,t4:q3:r2,3,t2:q4:r1|t3:q2:r0|t4:q3:r2,acc6876f6bca9342
b0.1.4.2.4,b0.1.4.2,4,0.0005465494116435369,3.5041137349810967,t4:q4:r0,3,t2:q4:r1|t3:q2:r0|t4:q4:r0,937f4dff8261ccee
b0.1.4.3.0,b0.1.4.3,4,0.0008933757921280612,3.0127311410198896,,1,t2:q4:r1,fdcbd870a065ef15
b0.1.4.3.1,b0.1.4.3,4,0.0007081970906505656,3.2450160216495707,,1,t2:q4:r1,fdcbd870a065ef15
b0.1.4.3.2,b0.1.4.3,4,0.0006640944155384887,3.3093141217846638,t4:q2:r0,2,t2:q4:r1|t4:q2:r0,ae66c45a4d04292e
b0.1.4.3.3,b0.1.4.3,4,0.0005833869307292033,3.4388877979501107,t4:q3:r1,2,t2:q4:r1|t4:q3:r1,25c37c7d9b3ece7a
b0.1.4.3.4,b0.1.4.3,4,0.0003383399103517913,3.9836874111465432,t4:q4:r2,2,t2:q4:r1|t4:q4:r2,c13a042a0c64d1ac
b0.1.4.4.0,b0.1.4.4,4,0.0010433664118504257,2.857530754216322,,2,t2:q4:r1|t3:q4:r2,c78cf84910990f35
b0.1.4.4.1,b0.1.4.4,4,0.0008270976937878255,3.0898156348460035,,2,t2:q4:r1|t3:q4:r2,c78cf84910990f35
b0.1.4.4.2,b0.1.4.4,4,0.000775590533766081,3.1541137349810966,t4:q2:r1,3,t2:q4:r1|t3:q4:r2|t4:q2:r1,d1b85f05a6dc5de3
b0.1.4.4.3,b0.1.4.4,4,0.0006813329105162381,3.283687411146543,t4:q3:r2,3,t2:q4:r1|t3:q4:r2|t4:q3:r2,c01ca0a969eb4659
b0.1.4.4.4,b0.1.4.4,4,0.000395144463684931,3.828487024342976,t4:q4:r0,3,t2:q4:r1|t3:q4:r2|t4:q4:r0,b032cf2aef3649f4
b0.2.0.0.0,b0.2.0.0,4,0.004806969577731234,1.3299163140981078,,1,t1:q2:r2,fb35b0c7b0cee53e
b0.2.0.0.1,b0.2.0.0,4,0.0038105821758231055,1.5622011947277894,,1,t1:q2:r2,fb35b0c7b0cee53e
b0.2.0.0.2,b0.2.0.0,4,0.003573279778076996,1.6264992948628825,t4:q2:r0,2,t1:q2:r2|t4:q2:r0,a0110e55154bb9e7
b0.2.0.0.3,b0.2.0.0,4,0.003139018599755491,1.756072971028329,t4:q3:r1,2,t1:q2:r2|t4:q3:r1,759602478b982b6b
b0.2.0.0.4,b0.2.0.0,4,0.0018204989102281813,2.300872584224762,t4:q4:r2,2,t1:q2:r2|t4:q4:r2,678bd5a17a265c32
b0.2.0.1.0,b0.2.0.1,4,0.0038105821758231055,1.5622011947277892,,2,t1:q2:r2|t3:q1:r2,c1a7b2d0a0d6da4f
b0.2.0.1.1,b0.2.0.1,4,0.0030207256950342655,1.7944860753574705,,2,t1:q2:r2|t3:q1:r2,c1a7b2d0a0d6da4f
b0.2.0.1.2,b0.2.0.1,4,0.002832611276478241,1.8587841754925636,t4:q2:r1,3,t1:q2:r2|t3:q1:r2|t4:q2:r1,fc55121fe8c20cd6
b0.2.0.1.3,b0.2.0.1,4,0.0024883636420788397,1.9883578516580103,t4:q3:r2,3,t1:q2:r2|t3:q1:r2|t4:q3:r2,11ca7c9306deb31c
b0.2.0.1.4,b0.2.0.1,4,0.001443146370336518,2.533157464854443,t4:q4:r0,3,t1:q2:r2|t3:q1:r2|t4:q4:r0,ab7e65d3fa294b1c
b0.2.0.2.0,b0.2.0.2,4,0.003573279778076996,1.6264992948628825,,2,t1:q2:r2|t3:q2:r0,5414840783ac360c
b0.2.0.2.1,b0.2.0.2,4,0.002832611276478241,1.8587841754925638,,2,t1:q2:r2|t3:q2:r0,5414840783ac360c
b0.2.0.2.2,b0.2.0.2,4,0.0026562116039936137,1.923082275627657,t4:q2:r1,3,t1:q2:r2|t3:q2:r0|t4:q2:r1,bdebb9817177e150
b0.2.0.2.3,b0.2.0.2,4,0.002333401845827326,2.0526559517931036,t4:q3:r2,3,t1:q2:r2|t3:q2:r0|t4:q3:r2,95bc5acd533d2887
b0.2.0.2.4,b0.2.0.2,4,0.0013532750388239054,2.597455564989536,t4:q4:r0,3,t1:q2:r2|t3:q2:r0|t4:q4:r0,87bcef3ac81f4921
b0.2.0.3.0,b0.2.0.3,4,0.002212029020653207,2.106072971028329,,1,t1:q2:r2,fb35b0c7b0cee53e
b0.2.0.3.1,b0.2.0.3,4,0.0017535202214620375,2.33835785165801,,1,t1:q2:r2,fb35b0c7b0cee53e
b0.2.0.3.2,b0.2.0.3,4,0.0016443204892821778,2.402655951793103,t4:q2:r0,2,t1:q2:r2|t4:q2:r0,a0110e55154bb9e7
b0.2.0.3.3,b0.2.0.3,4,0.001444485996166121,2.53222962795855,t4:q3:r1,2,t1:q2:r2|t4:q3:r1,759602478b982b6b
b0.2.0.3.4,b0.2.0.3,4,0.0008377411914874055,3.0770292411549827,t4:q4:r2,2,t1:q2:r2|t4:q4:r2,678bd5a17a265c32
b0.2.0.4.0,b0.2.0.4,4,0.0025834109257542016,1.9508725842247618,,2,t1:q2:r2|t3:q4:r2,4a595277a53adea1
b0.2.0.4.1,b0.2.0.4,4,0.0020479221820147,2.1831574648544434,,2,t1:q2:r2|t3:q4:r2,4a595277a53adea1
b0.2.0.4.2,b0.2.0.4,4,0.001920388691916285,2.2474555649895365,t4:q2:r1,3,t1:q2:r2|t3:q4:r2|t4:q2:r1,ed4b51b6baa2143a
b0.2.0.4.3,b0.2.0.4,4,0.0016870035925173063,2.377029241154983,t4:q3:r2,3,t1:q2:r2|t3:q4:r2|t4:q3:r2,54f9fcf83273be20
b0.2.0.4.4,b0.2.0.4,4,0.0009783912086306237,2.921828854351416,t4:q4:r0,3,t1:q2:r2|t3:q4:r2|t4:q4:r0,46a48c333bb06878
b0.2.1.0.0,b0.2.1.0,4,0.0038105821758231055,1.5622011947277892,,1,t1:q2:r2,fb35b0c7b0cee53e
b0.2.1.0.1,b0.2.1.0,4,0.0030207256950342655,1.7944860753574705,,1,t1:q2:r2,fb35b0c7b0cee53e
b0.2.1.0.2,b0.2.1.0,4,0.002832611276478241,1.8587841754925636,t4:q2:r0,2,t1:q2:r2|t4:q2:r0,a0110e55154bb9e7
b0.2.1.0.3,b0.2.1.0,4,0.0024883636420788397,1.9883578516580103,t4:q3:r1,2,t1:q2:r2|t4:q3:r1,759602478b982b6b
b0.2.1.0.4,b0.2.1.0,4,0.001443146370336518,2.533157464854443,t4:q4:r2,2,t1:q2:r2|t4:q4:r2,678bd5a17a265c32
b0.2.1.1.0,b0.2.1.1,4,0.0030207256950342655,1.7944860753574705,,2,t1:q2:r2|t3:q1:r2,c1a7b2d0a0d6da4f
b0.2.1.1.1,b0.2.1.1,4,0.0023945904598341975,2.0267709559871516,,2,t1:q2:r2|t3:q1:r2,c1a7b2d0a0d6da4f
b0.2.1.1.2,b0.2.1.1,4,0.002245468348954678,2.091069056122245,t4:q2:r1,3,t1:q2:r2|t3:q1:r2|t4:q2:r1,fc55121fe8c20cd6
b0.2.1.1.3,b0.2.1.1,4,0.001972576274540769,2.2206427322876916,t4:q3:r2,3,t1:q2:r2|t3:q1:r2|t4:q3:r2,11ca7c9306deb31c
b0.2.1.1.4,b0.2.1.1,4,0.0011440113666173106,2.765442345484124,t4:q4:r0,3,t1:q2:r2|t3:q1:r2|t4:q4:r0,ab7e65d3fa294b1c
b0.2.1.2.0,b0.2.1.2,4,0.002832611276478241,1.8587841754925638,,2,t1:q2:r2|t3:q2:r0,5414840783ac360c
b0.2.1.2.1,b0.2.1.2,4,0.0022454683489546777,2.091069056122245,,2,t1:q2:r2|t3:q2:r0,5414840783ac360c
b0.2.1.2.2,b0.2.1.2,4,0.002105632754632442,2.155367156257338,t4:q2:r1,3,t1:q2:r2|t3:q2:r0|t4:q2:r1,bdebb9817177e150
b0.2.1.2.3,b0.2.1.2,4,0.0018497349190503836,2.2849408324227847,t4:q3:r2,3,t1:q2:r2|t3:q2:r0|t4:q3:r2,95bc5acd533d2887
b0.2.1.2.4,b0.2.1.2,4,0.0010727685412901147,2.8297404456192177,t4:q4:r0,3,t1:q2:r2|t3:q2:r0|t4:q4:r0,87bcef3ac81f4921
b0.2.1.3.0,b0.2.1.3,4,0.0017535202214620377,2.33835785165801,,1,t1:q2:r2,fb35b0c7b0cee53e
b0.2.1.3.1,b0.2.1.3,4,0.001390051006730591,2.5706427322876917,,1,t1:q2:r2,fb35b0c7b0cee53e
b0.2.1.3.2,b0.2.1.3,4,0.0013034861665916137,2.6349408324227848,t4:q2:r0,2,t1:q2:r2|t4:q2:r0,a0110e55154bb9e7
b0.2.1.3.3,b0.2.1.3,4,0.0011450733151539118,2.7645145085882312,t4:q3:r1,2,t1:q2:r2|t4:q3:r1,759602478b982b6b
b0.2.1.3.4,b0.2.1.3,4,0.0006640944155384884,3.309314121784664,t4:q4:r2,2,t1:q2:r2|t4:q4:r2,678bd5a17a265c32
b0.2.1.4.0,b0.2.1.4,4,0.0020479221820146995,2.1831574648544434,,2,t1:q2:r2|t3:q4:r2,4a595277a53adea1
b0.2.1.4.1,b0.2.1.4,4,0.001623429405588449,2.4154423454841245,,2,t1:q2:r2|t3:q4:r2,4a595277a53adea1
b0.2.1.4.2,b0.2.1.4,4,0.0015223310240965278,2.4797404456192176,t4:q2:r1,3,t1:q2:r2|t3:q4:r2|t4:q2:r1,ed4b51b6baa2143a
b0.2.1.4.3,b0.2.1.4,4,0.001337321927306655,2.6093141217846645,t4:q3:r2,3,t1:q2:r2|t3:q4:r2|t4:q3:r2,54f9fcf83273be20
b0.2.1.4.4,b0.2.1.4,4,0.0007755905337660806,3.154113734981097,t4:q4:r0,3,t1:q2:r2|t3:q4:r2|t4:q4:r0,46a48c333bb06878
b0.2.2.0.0,b0.2.2.0,4,0.0035732797780769964,1.6264992948628825,,2,t1:q2:r2|t2:q2:r0,03913403d9ecc593
b0.2.2.0.1,b0.2.2.0,4,0.0028326112764782414,1.8587841754925638,,2,t1:q2:r2|t2:q2:r0,03913403d9ecc593
b0.2.2.0.2,b0.2.2.0,4,0.002656211603993614,1.923082275627657,t4:q2:r1,3,t1:q2:r2|t2:q2:r0|t4:q2:r1,df6c2b9fdc250992
b0.2.2.0.3,b0.2.2.0,4,0.002333401845827326,2.0526559517931036,t4:q3:r2,3,t1:q2:r2|t2:q2:r0|t4:q3:r2,c69d7d23b6b066ba
b0.2.2.0.4,b0.2.2.0,4,0.0013532750388239056,2.597455564989536,t4:q4:r0,3,t1:q2:r2|t2:q2:r0|t4:q4:r0,6f61667ea22ff5b6
b0.2.2.1.0,b0.2.2.1,4,0.0028326112764782414,1.8587841754925638,,3,t1:q2:r2|t2:q2:r0|t3:q1:r0,56b1f593f7b26c6b
b0.2.2.1.1,b0.2.2.1,4,0.002245468348954678,2.091069056122245,,3,t1:q2:r2|t2:q2:r0|t3:q1:r0,56b1f593f7b26c6b
b0.2.2.1.2,b0.2.2.1,4,0.0021056327546324425,2.155367156257338,t4:q2:r2,4,t1:q2:r2|t2:q2:r0|t3:q1:r0|t4:q2:r2,34998040f2094880
b0.2.2.1.3,b0.2.2.1,4,0.001849734919050384,2.2849408324227847,t4:q3:r0,4,t1:q2:r2|t2:q2:r0|t3:q1:r0|t4:q3:r0,c180e39bef4033eb
b0.2.2.1.4,b0.2.2.1,4,0.001072768541290115,2.8297404456192177,t4:q4:r1,4,t1:q2:r2|t2:q2:r0|t3:q1:r0|t4:q4:r1,a51f2227934cd1d3
b0.2.2.2.0,b0.2.2.2,4,0.002656211603993614,1.9230822756276569,,3,t1:q2:r2|t2:q2:r0|t3:q2:r1,61113d9b5754cb68
b0.2.2.2.1,b0.2.2.2,4,0.002105632754632442,2.155367156257338,,3,t1:q2:r2|t2:q2:r0|t3:q2:r1,61113d9b5754cb68
b0.2.2.2.2,b0.2.2.2,4,0.0019745053629658155,2.2196652563924313,t4:q2:r2,4,t1:q2:r2|t2:q2:r0|t3:q2:r1|t4:q2:r2,395dab27240218bc
b0.2.2.2.3,b0.2.2.2,4,0.0017345434571602997,2.3492389325578777,t4:q3:r0,4,t1:q2:r2|t2:q2:r0|t3:q2:r1|t4:q3:r0,b2ff659f34e5396f
b0.2.2.2.4,b0.2.2.2,4,0.0010059623328608866,2.8940385457543107,t4:q4:r1,4,t1:q2:r2|t2:q2:r0|t3:q2:r1|t4:q4:r1,7477231370ae6a6d
b0.2.2.3.0,b0.2.2.3,4,0.001644320489282178,2.402655951793103,,2,t1:q2:r2|t2:q2:r0,03913403d9ecc593
b0.2.2.3.1,b0.2.2.3,4,0.0013034861665916137,2.6349408324227848,,2,t1:q2:r2|t2:q2:r0,03913403d9ecc593
b0.2.2.3.2,b0.2.2.3,4,0.0012223121153603844,2.699238932557878,t4:q2:r1,3,t1:q2:r2|t2:q2:r0|t4:q2:r1,df6c2b9fdc250992
b0.2.2.3.3,b0.2.2.3,4,0.001073764357429515,2.8288126087233243,t4:q3:r2,3,t1:q2:r2|t2:q2:r0|t4:q3:r2,c69d7d23b6b066ba
b0.2.2.3.4,b0.2.2.3,4,0.0006227382159170897,3.3736122219197573,t4:q4:r0,3,t1:q2:r2|t2:q2:r0|t4:q4:r0,6f61667ea22ff5b6
b0.2.2.4.0,b0.2.2.4,4,0.001920388691916285,2.2474555649895365,,3,t1:q2:r2|t2:q2:r0|t3:q4:r0,b81ec04f20e6d555
b0.2.2.4.1,b0.2.2.4,4,0.001522331024096528,2.4797404456192176,,3,t1:q2:r2|t2:q2:r0|t3:q4:r0,b81ec04f20e6d555
b0.2.2.4.2,b0.2.2.4,4,0.001427528501670053,2.5440385457543107,t4:q2:r2,4,t1:q2:r2|t2:q2:r0|t3:q4:r0|t4:q2:r2,8c57fd116a9ca18f
b0.2.2.4.3,b0.2.2.4,4,0.001254040768348374,2.6736122219197576,t4:q3:r0,4,t1:q2:r2|t2:q2:r0|t3:q4:r0|t4:q3:r0,5a9ff4bd7305d798
b0.2.2.4.4,b0.2.2.4,4,0.00072729096040965,3.21841183511619,t4:q4:r1,4,t1:q2:r2|t2:q2:r0|t3:q4:r0|t4:q4:r1,92def26fbd6247ef
b0.2.3.0.0,b0.2.3.0,4,0.003139018599755491,1.7560729710283292,,1,t1:q2:r2,fb35b0c7b0cee53e
b0.2.3.0.1,b0.2.3.0,4,0.0024883636420788397,1.9883578516580105,,1,t1:q2:r2,fb35b0c7b0cee53e
b0.2.3.0.2,b0.2.3.0,4,0.002333401845827326,2.0526559517931036,t4:q2:r0,2,t1:q2:r2|t4:q2:r0,a0110e55154bb9e7
b0.2.3.0.3,b0.2.3.0,4,0.002049823201556747,2.1822296279585505,t4:q3:r1,2,t1:q2:r2|t4:q3:r1,759602478b982b6b
b0.2.3.0.4,b0.2.3.0,4,0.0011888113389596272,2.727029241154983,t4:q4:r2,2,t1:q2:r2|t4:q4:r2,678bd5a17a265c32
b0.2.3.1.0,b0.2.3.1,4,0.00248836364207884,1.9883578516580103,,2,t1:q2:r2|t3:q1:r2,c1a7b2d0a0d6da4f
b0.2.3.1.1,b0.2.3.1,4,0.001972576274540769,2.2206427322876916,,2,t1:q2:r2|t3:q1:r2,c1a7b2d0a0d6da4f
b0.2.3.1.2,b0.2.3.1,4,0.001849734919050384,2.2849408324227847,t4:q2:r1,3,t1:q2:r2|t3:q1:r2|t4:q2:r1,fc55121fe8c20cd6
b0.2.3.1.3,b0.2.3.1,4,0.0016249363822950164,2.4145145085882316,t4:q3:r2,3,t1:q2:r2|t3:q1:r2|t4:q3:r2,11ca7c9306deb31c
b0.2.3.1.4,b0.2.3.1,4,0.0009423948342926749,2.959314121784664,t4:q4:r0,3,t1:q2:r2|t3:q1:r2|t4:q4:r0,ab7e65d3fa294b1c
b0.2.3.2.0,b0.2.3.2,4,0.0023334018458273263,2.0526559517931036,,2,t1:q2:r2|t3:q2:r0,5414840783ac360c
b0.2.3.2.1,b0.2.3.2,4,0.001849734919050384,2.284940832422785,,2,t1:q2:r2|t3:q2:r0,5414840783ac360c
b0.2.3.2.2,b0.2.3.2,4,0.0017345434571602997,2.349238932557878,t4:q2:r1,3,t1:q2:r2|t3:q2:r0|t4:q2:r1,bdebb9817177e150
b0.2.3.2.3,b0.2.3.2,4,0.0015237441544643162,2.4788126087233247,t4:q3:r2,3,t1:q2:r2|t3:q2:r0|t4:q3:r2,95bc5acd533d2887
b0.2.3.2.4,b0.2.3.2,4,0.0008837075934768031,3.0236122219197576,t4:q4:r0,3,t1:q2:r2|t3:q2:r0|t4:q4:r0,87bcef3ac81f4921
b0.2.3.3.0,b0.2.3.3,4,0.001444485996166121,2.53222962795855,,1,t1:q2:r2,fb35b0c7b0cee53e
b0.2.3.3.1,b0.2.3.3,4,0.0011450733151539118,2.7645145085882317,,1,t1:q2:r2,fb35b0c7b0cee53e
b0.2.3.3.2,b0.2.3.3,4,0.001073764357429515,2.8288126087233247,t4:q2:r0,2,t1:q2:r2|t4:q2:r0,a0110e55154bb9e7
b0.2.3.3.3,b0.2.3.3,4,0.0009432696287609648,2.958386284888771,t4:q3:r1,2,t1:q2:r2|t4:q3:r1,759602478b982b6b
b0.2.3.3.4,b0.2.3.3,4,0.0005470567556829507,3.503185898085204,t4:q4:r2,2,t1:q2:r2|t4:q4:r2,678bd5a17a265c32
b0.2.3.4.0,b0.2.3.4,4,0.0016870035925173063,2.3770292411549834,,2,t1:q2:r2|t3:q4:r2,4a595277a53adea1
b0.2.3.4.1,b0.2.3.4,4,0.0013373219273066551,2.6093141217846645,,2,t1:q2:r2|t3:q4:r2,4a595277a53adea1
b0.2.3.4.2,b0.2.3.4,4,0.001254040768348374,2.6736122219197576,t4:q2:r1,3,t1:q2:r2|t3:q4:r2|t4:q2:r1,ed4b51b6baa2143a
b0.2.3.4.3,b0.2.3.4,4,0.0011016370228965572,2.8031858980852045,t4:q3:r2,3,t1:q2:r2|t3:q4:r2|t4:q3:r2,54f9fcf83273be20
b0.2.3.4.4,b0.2.3.4,4,0.0006389031908910696,3.347985511281637,t4:q4:r0,3,t1:q2:r2|t3:q4:r2|t4:q4:r0,46a48c333bb06878
b0.2.4.0.0,b0.2.4.0,4,0.0018204989102281815,2.300872584224762,,2,t1:q2:r2|t2:q4:r2,660499281d27d5ad
b0.2.4.0.1,b0.2.4.0,4,0.0014431463703365181,2.533157464854443,,2,t1:q2:r2|t2:q4:r2,660499281d27d5ad
b0.2.4.0.2,b0.2.4.0,4,0.0013532750388239058,2.597455564989536,t4:q2:r1,3,t1:q2:r2|t2:q4:r2|t4:q2:r1,27cb685ceaddc9e3
b0.2.4.0.3,b0.2.4.0,4,0.0011888113389596274,2.727029241154983,t4:q3:r2,3,t1:q2:r2|t2:q4:r2|t4:q3:r2,cbbe4d5c00eb0232
b0.2.4.0.4,b0.2.4.0,4,0.0006894606318074974,3.2718288543514156,t4:q4:r0,3,t1:q2:r2|t2:q4:r2|t4:q4:r0,d8b3884adb87db66
b0.2.4.1.0,b0.2.4.1,4,0.0014431463703365181,2.533157464854443,,3,t1:q2:r2|t2:q4:r2|t3:q1:r0,927e7d83786f3091
b0.2.4.1.1,b0.2.4.1,4,0.0011440113666173106,2.765442345484124,,3,t1:q2:r2|t2:q4:r2|t3:q1:r0,927e7d83786f3091
b0.2.4.1.2,b0.2.4.1,4,0.001072768541290115,2.8297404456192172,t4:q2:r2,4,t1:q2:r2|t2:q4:r2|t3:q1:r0|t4:q2:r2,1aa6158d641838e2
b0.2.4.1.3,b0.2.4.1,4,0.0009423948342926749,2.959314121784664,t4:q3:r0,4,t1:q2:r2|t2:q4:r2|t3:q1:r0|t4:q3:r0,975d080acb3ca21a
b0.2.4.1.4,b0.2.4.1,4,0.0005465494116435368,3.5041137349810967,t4:q4:r1,4,t1:q2:r2|t2:q4:r2|t3:q1:r0|t4:q4:r1,7ee42a11a1588a01
b0.2.4.2.0,b0.2.4.2,4,0.0013532750388239056,2.597455564989536,,3,t1:q2:r2|t2:q4:r2|t3:q2:r1,b794280d30cef0b2
b0.2.4.2.1,b0.2.4.2,4,0.001072768541290115,2.8297404456192177,,3,t1:q2:r2|t2:q4:r2|t3:q2:r1,b794280d30cef0b2
b0.2.4.2.2,b0.2.4.2,4,0.0010059623328608866,2.8940385457543107,t4:q2:r2,4,t1:q2:r2|t2:q4:r2|t3:q2:r1|t4:q2:r2,1dbd4f5db9f63168
b0.2.4.2.3,b0.2.4.2,4,0.0008837075934768031,3.023612221919757,t4:q3:r0,4,t1:q2:r2|t2:q4:r2|t3:q2:r1|t4:q3:r0,cd3c530dc599fbab
b0.2.4.2.4,b0.2.4.2,4,0.0005125132775607647,3.56841183511619,t4:q4:r1,4,t1:q2:r2|t2:q4:r2|t3:q2:r1|t4:q4:r1,45da366e5aa88f29
b0.2.4.3.0,b0.2.4.3,4,0.0008377411914874056,3.0770292411549827,,2,t1:q2:r2|t2:q4:r2,660499281d27d5ad
b0.2.4.3.1,b0.2.4.3,4,0.0006640944155384884,3.309314121784664,,2,t1:q2:r2|t2:q4:r2,660499281d27d5ad
b0.2.4.3.2,b0.2.4.3,4,0.0006227382159170897,3.3736122219197573,t4:q2:r1,3,t1:q2:r2|t2:q4:r2|t4:q2:r1,27cb685ceaddc9e3
b0.2.4.3.3,b0.2.4.3,4,0.0005470567556829507,3.5031858980852038,t4:q3:r2,3,t1:q2:r2|t2:q4:r2|t4:q3:r2,cbbe4d5c00eb0232
b0.2.4.3.4,b0.2.4.3,4,0.00031726993514194263,4.047985511281636,t4:q4:r0,3,t1:q2:r2|t2:q4:r2|t4:q4:r0,d8b3884adb87db66
b0.2.4.4.0,b0.2.4.4,4,0.0009783912086306237,2.921828854351416,,3,t1:q2:r2|t2:q4:r2|t3:q4:r0,a6e3822556756ac6
b0.2.4.4.1,b0.2.4.4,4,0.0007755905337660809,3.154113734981097,,3,t1:q2:r2|t2:q4:r2|t3:q4:r0,a6e3822556756ac6
b0.2.4.4.2,b0.2.4.4,4,0.00072729096040965,3.21841183511619,t4:q2:r2,4,t1:q2:r2|t2:q4:r2|t3:q4:r0|t4:q2:r2,2dcf486c9b1249b0
b0.2.4.4.3,b0.2.4.4,4,0.0006389031908910696,3.347985511281637,t4:q3:r0,4,t1:q2:r2|t2:q4:r2|t3:q4:r0|t4:q3:r0,72821c63c24b1eb7
b0.2.4.4.4,b0.2.4.4,4,0.000370537008875672,3.8927851244780696,t4:q4:r1,4,t1:q2:r2|t2:q4:r2|t3:q4:r0|t4:q4:r1,a9c12656e538a9bf
b0.3.0.0.0,b0.3.0.0,4,0.002356458486537007,2.0428233235968873,,0,EMPTY,cc1d2f838445db7a
b0.3.0.0.1,b0.3.0.0,4,0.0018680123852797695,2.275108204226569,,0,EMPTY,cc1d2f838445db7a
b0.3.0.0.2,b0.3.0.0,4,0.0017516827018894444,2.339406304361662,t4:q2:r2,1,t4:q2:r2,551c21015b186952
b0.3.0.0.3,b0.3.0.0,4,0.0015388004644461505,2.4689799805271084,t4:q3:r0,1,t4:q3:r0,6af09efde58bb5db
b0.3.0.0.4,b0.3.0.0,4,0.0008924396207149093,3.0137795937235414,t4:q4:r1,1,t4:q4:r1,de2188d0f8b87475
b0.3.0.1.0,b0.3.0.1,4,0.0018680123852797697,2.2751082042265685,,1,t3:q1:r1,15b6f910cc830186
b0.3.0.1.1,b0.3.0.1,4,0.0014808112646561638,2.50739308485625,,1,t3:q1:r1,15b6f910cc830186
b0.3.0.1.2,b0.3.0.1,4,0.0013885943677363506,2.571691184991343,t4:q2:r0,2,t3:q1:r1|t4:q2:r0,28d166f7e83150e8
b0.3.0.1.3,b0.3.0.1,4,0.0012198383050167638,2.7012648611567895,t4:q3:r1,2,t3:q1:r1|t4:q3:r1,56c0b34234df91fd
b0.3.0.1.4,b0.3.0.1,4,0.0007074549686040693,3.2460644743532225,t4:q4:r2,2,t3:q1:r1|t4:q4:r2,643fee9606a09da1
b0.3.0.2.0,b0.3.0.2,4,0.0017516827018894446,2.3394063043616624,,1,t3:q2:r2,31563140965101ea
b0.3.0.2.1,b0.3.0.2,4,0.0013885943677363506,2.5716911849913435,,1,t3:q2:r2,31563140965101ea
b0.3.0.2.2,b0.3.0.2,4,0.0013021202391763488,2.6359892851264366,t4:q2:r0,2,t3:q2:r2|t4:q2:r0,8ed4ef8a54f30fb9
b0.3.0.2.3,b0.3.0.2,4,0.001143873389083544,2.7655629612918835,t4:q3:r1,2,t3:q2:r2|t4:q3:r1,6afc4ff1c5512eea
b0.3.0.2.4,b0.3.0.2,4,0.0006633985088294205,3.310362574488316,t4:q4:r2,2,t3:q2:r2|t4:q4:r2,94386422d54541ce
b0.3.0.3.0,b0.3.0.3,4,0.0010843743597488268,2.818979980527108,,0,EMPTY,cc1d2f838445db7a
b0.3.0.3.1,b0.3.0.3,4,0.0008596055249279765,3.0512648611567896,,0,EMPTY,cc1d2f838445db7a
b0.3.0.3.2,b0.3.0.3,4,0.0008060739534333531,3.1155629612918827,t4:q2:r2,1,t4:q2:r2,551c21015b186952
b0.3.0.3.3,b0.3.0.3,4,0.0007081116760377041,3.245136637457329,t4:q3:r0,1,t4:q3:r0,6af09efde58bb5db
b0.3.0.3.4,b0.3.0.3,4,0.0004106750226478126,3.789936250653762,t4:q4:r1,1,t4:q4:r1,de2188d0f8b87475
b0.3.0.4.0,b0.3.0.4,4,0.0012664321048354028,2.6637795937235413,,1,t3:q4:r1,3f52a1fd3d4d81fc
b0.3.0.4.1,b0.3.0.4,4,0.0010039263880370964,2.896064474353223,,1,t3:q4:r1,3f52a1fd3d4d81fc
b0.3.0.4.2,b0.3.0.4,4,0.0009414072956649882,2.960362574488316,t4:q2:r0,2,t3:q4:r1|t4:q2:r0,a6cad113bc5fd26b
b0.3.0.4.3,b0.3.0.4,4,0.0008269979387475321,3.0899362506537624,t4:q3:r1,2,t3:q4:r1|t4:q3:r1,afb379d7c1417e66
b0.3.0.4.4,b0.3.0.4,4,0.0004796240603251305,3.6347358638501954,t4:q4:r2,2,t3:q4:r1|t4:q4:r2,2ff0eefb8ad065d6
b0.3.1.0.0,b0.3.1.0,4,0.0018680123852797697,2.2751082042265693,,0,EMPTY,cc1d2f838445db7a
b0.3.1.0.1,b0.3.1.0,4,0.0014808112646561638,2.5073930848562505,,0,EMPTY,cc1d2f838445db7a
b0.3.1.0.2,b0.3.1.0,4,0.0013885943677363506,2.5716911849913435,t4:q2:r2,1,t4:q2:r2,551c21015b186952
b0.3.1.0.3,b0.3.1.0,4,0.0012198383050167638,2.7012648611567904,t4:q3:r0,1,t4:q3:r0,6af09efde58bb5db
b0.3.1.0.4,b0.3.1.0,4,0.0007074549686040693,3.246064474353223,t4:q4:r1,1,t4:q4:r1,de2188d0f8b87475
b0.3.1.1.0,b0.3.1.1,4,0.001480811264656164,2.5073930848562505,,1,t3:q1:r1,15b6f910cc830186
b0.3.1.1.1,b0.3.1.1,4,0.0011738690914536811,2.7396779654859316,,1,t3:q1:r1,15b6f910cc830186
b0.3.1.1.2,b0.3.1.1,4,0.0011007668889058948,2.8039760656210246,t4:q2:r0,2,t3:q1:r1|t4:q2:r0,28d166f7e83150e8
b0.3.1.1.3,b0.3.1.1,4,0.00096699053890768,2.9335497417864715,t4:q3:r1,2,t3:q1:r1|t4:q3:r1,56c0b34234df91fd
b0.3.1.1.4,b0.3.1.1,4,0.0005608138869962469,3.478349354982904,t4:q4:r2,2,t3:q1:r1|t4:q4:r2,643fee9606a09da1
b0.3.1.2.0,b0.3.1.2,4,0.0013885943677363509,2.5716911849913435,,1,t3:q2:r2,31563140965101ea
b0.3.1.2.1,b0.3.1.2,4,0.0011007668889058946,2.803976065621025,,1,t3:q2:r2,31563140965101ea
b0.3.1.2.2,b0.3.1.2,4,0.0010322170951882273,2.868274165756118,t4:q2:r0,2,t3:q2:r2|t4:q2:r0,8ed4ef8a54f30fb9
b0.3.1.2.3,b0.3.1.2,4,0.0009067716109610524,2.9978478419215646,t4:q3:r1,2,t3:q2:r2|t4:q3:r1,6afc4ff1c5512eea
b0.3.1.2.4,b0.3.1.2,4,0.0005258894387274522,3.5426474551179976,t4:q4:r2,2,t3:q2:r2|t4:q4:r2,94386422d54541ce
b0.3.1.3.0,b0.3.1.3,4,0.0008596055249279765,3.05126486115679,,0,EMPTY,cc1d2f838445db7a
b0.3.1.3.1,b0.3.1.3,4,0.0006814267156389221,3.2835497417864716,,0,EMPTY,cc1d2f838445db7a
b0.3.1.3.2,b0.3.1.3,4,0.0006389911543393042,3.3478478419215647,t4:q2:r2,1,t4:q2:r2,551c21015b186952
b0.3.1.3.3,b0.3.1.3,4,0.0005613344722841031,3.477421518087011,t4:q3:r0,1,t4:q3:r0,6af09efde58bb5db
b0.3.1.3.4,b0.3.1.3,4,0.0003255504109298113,4.022221131283445,t4:q4:r1,1,t4:q4:r1,de2188d0f8b87475
b0.3.1.4.0,b0.3.1.4,4,0.0010039263880370964,2.8960644743532233,,1,t3:q4:r1,3f52a1fd3d4d81fc
b0.3.1.4.1,b0.3.1.4,4,0.0007958327878368201,3.1283493549829045,,1,t3:q4:r1,3f52a1fd3d4d81fc
b0.3.1.4.2,b0.3.1.4,4,0.0007462726366460497,3.1926474551179975,t4:q2:r0,2,t3:q4:r1|t4:q2:r0,a6cad113bc5fd26b
b0.3.1.4.3,b0.3.1.4,4,0.0006555780214280339,3.3222211312834444,t4:q3:r1,2,t3:q4:r1|t4:q3:r1,afb379d7c1417e66
b0.3.1.4.4,b0.3.1.4,4,0.0003802077100378593,3.867020744479877,t4:q4:r2,2,t3:q4:r1|t4:q4:r2,2ff0eefb8ad065d6
b0.3.2.0.0,b0.3.2.0,4,0.0017516827018894446,2.3394063043616624,,1,t2:q2:r2,fe3f5fcb885a05fa
b0.3.2.0.1,b0.3.2.0,4,0.0013885943677363506,2.5716911849913435,,1,t2:q2:r2,fe3f5fcb885a05fa
b0.3.2.0.2,b0.3.2.0,4,0.0013021202391763488,2.6359892851264366,t4:q2:r0,2,t2:q2:r2|t4:q2:r0,15bd5c58c3d39ab6
b0.3.2.0.3,b0.3.2.0,4,0.001143873389083544,2.7655629612918835,t4:q3:r1,2,t2:q2:r2|t4:q3:r1,b198caf3d1c15f91
b0.3.2.0.4,b0.3.2.0,4,0.0006633985088294205,3.310362574488316,t4:q4:r2,2,t2:q2:r2|t4:q4:r2,fd0843aca4346550
b0.3.2.1.0,b0.3.2.1,4,0.0013885943677363509,2.5716911849913435,,2,t2:q2:r2|t3:q1:r2,eaaa253cf539913f
b0.3.2.1.1,b0.3.2.1,4,0.0011007668889058946,2.8039760656210246,,2,t2:q2:r2|t3:q1:r2,eaaa253cf539913f
b0.3.2.1.2,b0.3.2.1,4,0.0010322170951882273,2.8682741657561177,t4:q2:r1,3,t2:q2:r2|t3:q1:r2|t4:q2:r1,0a17a7ff4e660659
b0.3.2.1.3,b0.3.2.1,4,0.0009067716109610524,2.9978478419215646,t4:q3:r2,3,t2:q2:r2|t3:q1:r2|t4:q3:r2,64e25f2d73c03c52
b0.3.2.1.4,b0.3.2.1,4,0.0005258894387274522,3.542647455117997,t4:q4:r0,3,t2:q2:r2|t3:q1:r2|t4:q4:r0,7f90e67a8abfae48
b0.3.2.2.0,b0.3.2.2,4,0.001302120239176349,2.6359892851264366,,2,t2:q2:r2|t3:q2:r0,de0a5bca19ac9ba3
b0.3.2.2.1,b0.3.2.2,4,0.0010322170951882273,2.868274165756118,,2,t2:q2:r2|t3:q2:r0,de0a5bca19ac9ba3
b0.3.2.2.2,b0.3.2.2,4,0.0009679362109609294,2.9325722658912112,t4:q2:r1,3,t2:q2:r2|t3:q2:r0|t4:q2:r1,c8addd5abc4e4988
b0.3.2.2.3,b0.3.2.2,4,0.0008503027913527519,3.0621459420566577,t4:q3:r2,3,t2:q2:r2|t3:q2:r0|t4:q3:r2,cf4b012b67879c2e
b0.3.2.2.4,b0.3.2.2,4,0.0004931398957439254,3.6069455552530907,t4:q4:r0,3,t2:q2:r2|t3:q2:r0|t4:q4:r0,e0867ed0fd2d7a7f
b0.3.2.3.0,b0.3.2.3,4,0.0008060739534333532,3.115562961291883,,1,t2:q2:r2,fe3f5fcb885a05fa
b0.3.2.3.1,b0.3.2.3,4,0.0006389911543393044,3.3478478419215647,,1,t2:q2:r2,fe3f5fcb885a05fa
b0.3.2.3.2,b0.3.2.3,4,0.0005991982497208604,3.4121459420566578,t4:q2:r0,2,t2:q2:r2|t4:q2:r0,15bd5c58c3d39ab6
b0.3.2.3.3,b0.3.2.3,4,0.0005263776047860833,3.5417196182221042,t4:q3:r1,2,t2:q2:r2|t4:q3:r1,b198caf3d1c15f91
b0.3.2.3.4,b0.3.2.3,4,0.00030527689640202444,4.086519231418537,t4:q4:r2,2,t2:q2:r2|t4:q4:r2,fd0843aca4346550
b0.3.2.4.0,b0.3.2.4,4,0.0009414072956649882,2.9603625744883164,,2,t2:q2:r2|t3:q4:r2,c4f25e5d873d543b
b0.3.2.4.1,b0.3.2.4,4,0.0007462726366460497,3.1926474551179975,,2,t2:q2:r2|t3:q4:r2,c4f25e5d873d543b
b0.3.2.4.2,b0.3.2.4,4,0.0006997988229668667,3.2569455552530906,t4:q2:r1,3,t2:q2:r2|t3:q4:r2|t4:q2:r1,271b816fdd070443
b0.3.2.4.3,b0.3.2.4,4,0.000614752176657761,3.3865192314185375,t4:q3:r2,3,t2:q2:r2|t3:q4:r2|t4:q3:r2,5e2a6b264cb14783
b0.3.2.4.4,b0.3.2.4,4,0.00035653043526184624,3.93131884461497,t4:q4:r0,3,t2:q2:r2|t3:q4:r2|t4:q4:r0,bb544d00a5a11043
b0.3.3.0.0,b0.3.3.0,4,0.0015388004644461505,2.4689799805271084,,0,EMPTY,cc1d2f838445db7a
b0.3.3.0.1,b0.3.3.0,4,0.0012198383050167638,2.70126486115679,,0,EMPTY,cc1d2f838445db7a
b0.3.3.0.2,b0.3.3.0,4,0.0011438733890835441,2.765562961291883,t4:q2:r2,1,t4:q2:r2,551c21015b186952
b0.3.3.0.3,b0.3.3.0,4,0.0010048583002450877,2.8951366374573295,t4:q3:r0,1,t4:q3:r0,6af09efde58bb5db
b0.3.3.0.4,b0.3.3.0,4,0.0005827755976573119,3.4399362506537625,t4:q4:r1,1,t4:q4:r1,de2188d0f8b87475
b0.3.3.1.0,b0.3.3.1,4,0.001219838305016764,2.7012648611567895,,1,t3:q1:r1,15b6f910cc830186
b0.3.3.1.1,b0.3.3.1,4,0.00096699053890768,2.933549741786471,,1,t3:q1:r1,15b6f910cc830186
b0.3.3.1.2,b0.3.3.1,4,0.0009067716109610525,2.997847841921564,t4:q2:r0,2,t3:q1:r1|t4:q2:r0,28d166f7e83150e8
b0.3.3.1.3,b0.3.3.1,4,0.0007965715335250921,3.1274215180870106,t4:q3:r1,2,t3:q1:r1|t4:q3:r1,56c0b34234df91fd
b0.3.3.1.4,b0.3.3.1,4,0.000461978023581695,3.6722211312834436,t4:q4:r2,2,t3:q1:r1|t4:q4:r2,643fee9606a09da1
b0.3.3.2.0,b0.3.3.2,4,0.0011438733890835441,2.7655629612918835,,1,t3:q2:r2,31563140965101ea
b0.3.3.2.1,b0.3.3.2,4,0.0009067716109610524,2.9978478419215646,,1,t3:q2:r2,31563140965101ea
b0.3.3.2.2,b0.3.3.2,4,0.0008503027913527519,3.0621459420566577,t4:q2:r0,2,t3:q2:r2|t4:q2:r0,8ed4ef8a54f30fb9
b0.3.3.2.3,b0.3.3.2,4,0.0007469653772581776,3.1917196182221046,t4:q3:r1,2,t3:q2:r2|t4:q3:r1,6afc4ff1c5512eea
b0.3.3.2.4,b0.3.3.2,4,0.00043320853701937865,3.736519231418537,t4:q4:r2,2,t3:q2:r2|t4:q4:r2,94386422d54541ce
b0.3.3.3.0,b0.3.3.3,4,0.0007081116760377041,3.245136637457329,,0,EMPTY,cc1d2f838445db7a
b0.3.3.3.1,b0.3.3.3,4,0.0005613344722841031,3.4774215180870107,,0,EMPTY,cc1d2f838445db7a
b0.3.3.3.2,b0.3.3.3,4,0.0005263776047860833,3.541719618222104,t4:q2:r2,1,t4:q2:r2,551c21015b186952
b0.3.3.3.3,b0.3.3.3,4,0.0004624068627527035,3.6712932943875503,t4:q3:r0,1,t4:q3:r0,6af09efde58bb5db
b0.3.3.3.4,b0.3.3.3,4,0.000268176553585538,4.216092907583983,t4:q4:r1,1,t4:q4:r1,de2188d0f8b87475
b0.3.3.4.0,b0.3.3.4,4,0.000826997938747532,3.0899362506537624,,1,t3:q4:r1,3f52a1fd3d4d81fc
b0.3.3.4.1,b0.3.3.4,4,0.0006555780214280338,3.322221131283444,,1,t3:q4:r1,3f52a1fd3d4d81fc
b0.3.3.4.2,b0.3.3.4,4,0.000614752176657761,3.386519231418537,t4:q2:r0,2,t3:q4:r1|t4:q2:r0,a6cad113bc5fd26b
b0.3.3.4.3,b0.3.3.4,4,0.0005400412608629785,3.5160929075839835,t4:q3:r1,2,t3:q4:r1|t4:q3:r1,afb379d7c1417e66
b0.3.3.4.4,b0.3.3.4,4,0.0003132012428839657,4.060892520780417,t4:q4:r2,2,t3:q4:r1|t4:q4:r2,2ff0eefb8ad065d6
b0.3.4.0.0,b0.3.4.0,4,0.0008924396207149093,3.013779593723542,,1,t2:q4:r1,fdcbd870a065ef15
b0.3.4.0.1,b0.3.4.0,4,0.0007074549686040693,3.246064474353223,,1,t2:q4:r1,fdcbd870a065ef15
b0.3.4.0.2,b0.3.4.0,4,0.0006633985088294205,3.310362574488316,t4:q2:r0,2,t2:q4:r1|t4:q2:r0,ae66c45a4d04292e
b0.3.4.0.3,b0.3.4.0,4,0.0005827755976573119,3.439936250653763,t4:q3:r1,2,t2:q4:r1|t4:q3:r1,25c37c7d9b3ece7a
b0.3.4.0.4,b0.3.4.0,4,0.00033798536285364916,3.9847358638501955,t4:q4:r2,2,t2:q4:r1|t4:q4:r2,c13a042a0c64d1ac
b0.3.4.1.0,b0.3.4.1,4,0.0007074549686040694,3.246064474353223,,2,t2:q4:r1|t3:q1:r2,be6a421582c54494
b0.3.4.1.1,b0.3.4.1,4,0.0005608138869962469,3.478349354982904,,2,t2:q4:r1|t3:q1:r2,be6a421582c54494
b0.3.4.1.2,b0.3.4.1,4,0.0005258894387274523,3.542647455117997,t4:q2:r1,3,t2:q4:r1|t3:q1:r2|t4:q2:r1,d636aea9163dcb51
b0.3.4.1.3,b0.3.4.1,4,0.000461978023581695,3.672221131283444,t4:q3:r2,3,t2:q4:r1|t3:q1:r2|t4:q3:r2,ec3d9705168e805a
b0.3.4.1.4,b0.3.4.1,4,0.0002679278448829056,4.217020744479877,t4:q4:r0,3,t2:q4:r1|t3:q1:r2|t4:q4:r0,60a55681d1102b41
b0.3.4.2.0,b0.3.4.2,4,0.0006633985088294205,3.310362574488316,,2,t2:q4:r1|t3:q2:r0,b49db9364f40f0c4
b0.3.4.2.1,b0.3.4.2,4,0.0005258894387274522,3.5426474551179976,,2,t2:q4:r1|t3:q2:r0,b49db9364f40f0c4
b0.3.4.2.2,b0.3.4.2,4,0.0004931398957439254,3.6069455552530907,t4:q2:r1,3,t2:q4:r1|t3:q2:r0|t4:q2:r1,f04785dd5f9798e8
b0.3.4.2.3,b0.3.4.2,4,0.0004332085370193786,3.736519231418537,t4:q3:r2,3,t2:q4:r1|t3:q2:r0|t4:q3:r2,acc6876f6bca9342
b0.3.4.2.4,b0.3.4.2,4,0.0002512427513512518,4.281318844614971,t4:q4:r0,3,t2:q4:r1|t3:q2:r0|t4:q4:r0,937f4dff8261ccee
b0.3.4.3.0,b0.3.4.3,4,0.0004106750226478126,3.7899362506537626,,1,t2:q4:r1,fdcbd870a065ef15
b0.3.4.3.1,b0.3.4.3,4,0.0003255504109298113,4.022221131283445,,1,t2:q4:r1,fdcbd870a065ef15
b0.3.4.3.2,b0.3.4.3,4,0.00030527689640202444,4.086519231418538,t4:q2:r0,2,t2:q4:r1|t4:q2:r0,ae66c45a4d04292e
b0.3.4.3.3,b0.3.4.3,4,0.000268176553585538,4.216092907583984,t4:q3:r1,2,t2:q4:r1|t4:q3:r1,25c37c7d9b3ece7a
b0.3.4.3.4,b0.3.4.3,4,0.0001555311343453811,4.760892520780416,t4:q4:r2,2,t2:q4:r1|t4:q4:r2,c13a042a0c64d1ac
b0.3.4.4.0,b0.3.4.4,4,0.0004796240603251305,3.634735863850196,,2,t2:q4:r1|t3:q4:r2,c78cf84910990f35
b0.3.4.4.1,b0.3.4.4,4,0.0003802077100378594,3.867020744479877,,2,t2:q4:r1|t3:q4:r2,c78cf84910990f35
b0.3.4.4.2,b0.3.4.4,4,0.0003565304352618463,3.93131884461497,t4:q2:r1,3,t2:q4:r1|t3:q4:r2|t4:q2:r1,d1b85f05a6dc5de3
b0.3.4.4.3,b0.3.4.4,4,0.0003132012428839657,4.060892520780417,t4:q3:r2,3,t2:q4:r1|t3:q4:r2|t4:q3:r2,c01ca0a969eb4659
b0.3.4.4.4,b0.3.4.4,4,0.00018164356254428852,4.6056921339768495,t4:q4:r0,3,t2:q4:r1|t3:q4:r2|t4:q4:r0,b032cf2aef3649f4
b0.4.0.0.0,b0.4.0.0,4,0.0034753443609618585,1.6542896034599872,,1,t1:q4:r1,2ffec9582e9065a6
b0.4.0.0.1,b0.4.0.0,4,0.002754975887111604,1.8865744840896685,,1,t1:q4:r1,2ffec9582e9065a6
b0.4.0.0.2,b0.4.0.0,4,0.002583410925754201,1.9508725842247618,t4:q2:r0,2,t1:q4:r1|t4:q2:r0,b06bfd42da293148
b0.4.0.0.3,b0.4.0.0,4,0.0022694486439341025,2.0804462603902083,t4:q3:r1,2,t1:q4:r1|t4:q3:r1,2486389e873ee0d9
b0.4.0.0.4,b0.4.0.0,4,0.0013161848685518066,2.625245873586641,t4:q4:r2,2,t1:q4:r1|t4:q4:r2,e3ca7139f3b027cd
b0.4.0.1.0,b0.4.0.1,4,0.002754975887111604,1.8865744840896685,,2,t1:q4:r1|t3:q1:r2,c41e2e63bfff5da2
b0.4.0.1.1,b0.4.0.1,4,0.0021839252028727713,2.11885936471935,,2,t1:q4:r1|t3:q1:r2,c41e2e63bfff5da2
b0.4.0.1.2,b0.4.0.1,4,0.0020479221820146995,2.183157464854443,t4:q2:r1,3,t1:q4:r1|t3:q1:r2|t4:q2:r1,c9ba3e17c0a86d55
b0.4.0.1.3,b0.4.0.1,4,0.0017990379201864646,2.3127311410198894,t4:q3:r2,3,t1:q4:r1|t3:q1:r2|t4:q3:r2,a1a7e6f651acff7f
b0.4.0.1.4,b0.4.0.1,4,0.0010433664118504253,2.8575307542163224,t4:q4:r0,3,t1:q4:r1|t3:q1:r2|t4:q4:r0,98c948d11b160676
b0.4.0.2.0,b0.4.0.2,4,0.002583410925754201,1.9508725842247616,,2,t1:q4:r1|t3:q2:r0,d196bf15e10fef7a
b0.4.0.2.1,b0.4.0.2,4,0.0020479221820146995,2.183157464854443,,2,t1:q4:r1|t3:q2:r0,d196bf15e10fef7a
b0.4.0.2.2,b0.4.0.2,4,0.0019203886919162846,2.247455564989536,t4:q2:r1,3,t1:q4:r1|t3:q2:r0|t4:q2:r1,728b73537f5d86d7
b0.4.0.2.3,b0.4.0.2,4,0.001687003592517306,2.3770292411549825,t4:q3:r2,3,t1:q4:r1|t3:q2:r0|t4:q3:r2,e0bb202e60d38d92
b0.4.0.2.4,b0.4.0.2,4,0.0009783912086306235,2.9218288543514155,t4:q4:r0,3,t1:q4:r1|t3:q2:r0|t4:q4:r0,555891ceb96c31ac
b0.4.0.3.0,b0.4.0.3,4,0.0015992534296086472,2.430446260390208,,1,t1:q4:r1,2ffec9582e9065a6
b0.4.0.3.1,b0.4.0.3,4,0.0012677605953077269,2.6627311410198895,,1,t1:q4:r1,2ffec9582e9065a6
b0.4.0.3.2,b0.4.0.3,4,0.0011888113389596272,2.7270292411549826,t4:q2:r0,2,t1:q4:r1|t4:q2:r0,b06bfd42da293148
b0.4.0.3.3,b0.4.0.3,4,0.0010443349349495267,2.856602917320429,t4:q3:r1,2,t1:q4:r1|t4:q3:r1,2486389e873ee0d9
b0.4.0.3.4,b0.4.0.3,4,0.0006056703872786621,3.401402530516862,t4:q4:r2,2,t1:q4:r1|t4:q4:r2,e3ca7139f3b027cd
b0.4.0.4.0,b0.4.0.4,4,0.001867755234911351,2.275245873586641,,2,t1:q4:r1|t3:q4:r2,662138bd58d50658
b0.4.0.4.1,b0.4.0.4,4,0.0014806074163491259,2.5075307542163223,,2,t1:q4:r1|t3:q4:r2,662138bd58d50658
b0.4.0.4.2,b0.4.0.4,4,0.0013884032139966532,2.5718288543514154,t4:q2:r1,3,t1:q4:r1|t3:q4:r2|t4:q2:r1,9f6c3c65f01eb277
b0.4.0.4.3,b0.4.0.4,4,0.001219670382217098,2.7014025305168623,t4:q3:r2,3,t1:q4:r1|t3:q4:r2|t4:q3:r2,db5dc1b651e1f0e0
b0.4.0.4.4,b0.4.0.4,4,0.000707357580435099,3.246202143713295,t4:q4:r0,3,t1:q4:r1|t3:q4:r2|t4:q4:r0,f2d9e9bdd59b8a98
b0.4.1.0.0,b0.4.1.0,4,0.0027549758871116044,1.8865744840896685,,1,t1:q4:r1,2ffec9582e9065a6
b0.4.1.0.1,b0.4.1.0,4,0.0021839252028727717,2.11885936471935,,1,t1:q4:r1,2ffec9582e9065a6
b0.4.1.0.2,b0.4.1.0,4,0.0020479221820147,2.183157464854443,t4:q2:r0,2,t1:q4:r1|t4:q2:r0,b06bfd42da293148
b0.4.1.0.3,b0.4.1.0,4,0.0017990379201864649,2.3127311410198894,t4:q3:r1,2,t1:q4:r1|t4:q3:r1,2486389e873ee0d9
b0.4.1.0.4,b0.4.1.0,4,0.0010433664118504255,2.8575307542163224,t4:q4:r2,2,t1:q4:r1|t4:q4:r2,e3ca7139f3b027cd
b0.4.1.1.0,b0.4.1.1,4,0.0021839252028727717,2.1188593647193494,,2,t1:q4:r1|t3:q1:r2,c41e2e63bfff5da2
b0.4.1.1.1,b0.4.1.1,4,0.0017312417557103878,2.351144245349031,,2,t1:q4:r1|t3:q1:r2,c41e2e63bfff5da2
b0.4.1.1.2,b0.4.1.1,4,0.0016234294055884493,2.415442345484124,t4:q2:r1,3,t1:q4:r1|t3:q1:r2|t4:q2:r1,c9ba3e17c0a86d55
b0.4.1.1.3,b0.4.1.1,4,0.001426133808720291,2.5450160216495705,t4:q3:r2,3,t1:q4:r1|t3:q1:r2|t4:q3:r2,a1a7e6f651acff7f
b0.4.1.1.4,b0.4.1.1,4,0.0008270976937878254,3.0898156348460035,t4:q4:r0,3,t1:q4:r1|t3:q1:r2|t4:q4:r0,98c948d11b160676
b0.4.1.2.0,b0.4.1.2,4,0.0020479221820147,2.1831574648544434,,2,t1:q4:r1|t3:q2:r0,d196bf15e10fef7a
b0.4.1.2.1,b0.4.1.2,4,0.0016234294055884491,2.4154423454841245,,2,t1:q4:r1|t3:q2:r0,d196bf15e10fef7a
b0.4.1.2.2,b0.4.1.2,4,0.001522331024096528,2.4797404456192176,t4:q2:r1,3,t1:q4:r1|t3:q2:r0|t4:q2:r1,728b73537f5d86d7
b0.4.1.2.3,b0.4.1.2,4,0.0013373219273066551,2.6093141217846645,t4:q3:r2,3,t1:q4:r1|t3:q2:r0|t4:q3:r2,e0bb202e60d38d92
b0.4.1.2.4,b0.4.1.2,4,0.0007755905337660808,3.154113734981097,t4:q4:r0,3,t1:q4:r1|t3:q2:r0|t4:q4:r0,555891ceb96c31ac
b0.4.1.3.0,b0.4.1.3,4,0.001267760595307727,2.662731141019889,,1,t1:q4:r1,2ffec9582e9065a6
b0.4.1.3.1,b0.4.1.3,4,0.0010049795093503748,2.8950160216495706,,1,t1:q4:r1,2ffec9582e9065a6
b0.4.1.3.2,b0.4.1.3,4,0.0009423948342926748,2.9593141217846637,t4:q2:r0,2,t1:q4:r1|t4:q2:r0,b06bfd42da293148
b0.4.1.3.3,b0.4.1.3,4,0.0008278654616712348,3.08888779795011,t4:q3:r1,2,t1:q4:r1|t4:q3:r1,2486389e873ee0d9
b0.4.1.3.4,b0.4.1.3,4,0.0004801271871741788,3.633687411146543,t4:q4:r2,2,t1:q4:r1|t4:q4:r2,e3ca7139f3b027cd
b0.4.1.4.0,b0.4.1.4,4,0.001480607416349126,2.5075307542163223,,2,t1:q4:r1|t3:q4:r2,662138bd58d50658
b0.4.1.4.1,b0.4.1.4,4,0.001173707496770626,2.739815634846004,,2,t1:q4:r1|t3:q4:r2,662138bd58d50658
b0.4.1.4.2,b0.4.1.4,4,0.0011006153574635682,2.804113734981097,t4:q2:r1,3,t1:q4:r1|t3:q4:r2|t4:q2:r1,9f6c3c65f01eb277
b0.4.1.4.3,b0.4.1.4,4,0.0009668574231021869,2.9336874111465434,t4:q3:r2,3,t1:q4:r1|t3:q4:r2|t4:q3:r2,db5dc1b651e1f0e0
b0.4.1.4.4,b0.4.1.4,4,0.0005607366854215722,3.4784870243429764,t4:q4:r0,3,t1:q4:r1|t3:q4:r2|t4:q4:r0,f2d9e9bdd59b8a98
b0.4.2.0.0,b0.4.2.0,4,0.0025834109257542016,1.9508725842247616,,2,t1:q4:r1|t2:q2:r0,e19e5a4baffd9cc5
b0.4.2.0.1,b0.4.2.0,4,0.0020479221820147,2.183157464854443,,2,t1:q4:r1|t2:q2:r0,e19e5a4baffd9cc5
b0.4.2.0.2,b0.4.2.0,4,0.001920388691916285,2.247455564989536,t4:q2:r1,3,t1:q4:r1|t2:q2:r0|t4:q2:r1,3625037e0a7f100f
b0.4.2.0.3,b0.4.2.0,4,0.0016870035925173063,2.3770292411549825,t4:q3:r2,3,t1:q4:r1|t2:q2:r0|t4:q3:r2,4ea6fc2aa1f5bc29
b0.4.2.0.4,b0.4.2.0,4,0.0009783912086306237,2.9218288543514155,t4:q4:r0,3,t1:q4:r1|t2:q2:r0|t4:q4:r0,7fac6ddf2968441b
b0.4.2.1.0,b0.4.2.1,4,0.0020479221820147,2.1831574648544425,,3,t1:q4:r1|t2:q2:r0|t3:q1:r0,d114131d58ed2d66
b0.4.2.1.1,b0.4.2.1,4,0.0016234294055884491,2.415442345484124,,3,t1:q4:r1|t2:q2:r0|t3:q1:r0,d114131d58ed2d66
b0.4.2.1.2,b0.4.2.1,4,0.001522331024096528,2.479740445619217,t4:q2:r2,4,t1:q4:r1|t2:q2:r0|t3:q1:r0|t4:q2:r2,7e7fe739f862bb45
b0.4.2.1.3,b0.4.2.1,4,0.0013373219273066551,2.6093141217846636,t4:q3:r0,4,t1:q4:r1|t2:q2:r0|t3:q1:r0|t4:q3:r0,3b61feaf8abf752f
b0.4.2.1.4,b0.4.2.1,4,0.0007755905337660808,3.1541137349810966,t4:q4:r1,4,t1:q4:r1|t2:q2:r0|t3:q1:r0|t4:q4:r1,dc2281c7dc36ad2f
b0.4.2.2.0,b0.4.2.2,4,0.0019203886919162848,2.2474555649895365,,3,t1:q4:r1|t2:q2:r0|t3:q2:r1,2ca7249356894fb0
b0.4.2.2.1,b0.4.2.2,4,0.0015223310240965278,2.4797404456192176,,3,t1:q4:r1|t2:q2:r0|t3:q2:r1,2ca7249356894fb0
b0.4.2.2.2,b0.4.2.2,4,0.0014275285016700527,2.5440385457543107,t4:q2:r2,4,t1:q4:r1|t2:q2:r0|t3:q2:r1|t4:q2:r2,85c3d338c9940eb6
b0.4.2.2.3,b0.4.2.2,4,0.0012540407683483737,2.6736122219197576,t4:q3:r0,4,t1:q4:r1|t2:q2:r0|t3:q2:r1|t4:q3:r0,88dbed354654db2a
b0.4.2.2.4,b0.4.2.2,4,0.0007272909604096499,3.21841183511619,t4:q4:r1,4,t1:q4:r1|t2:q2:r0|t3:q2:r1|t4:q4:r1,d81b1554301fcda3
b0.4.2.3.0,b0.4.2.3,4,0.0011888113389596272,2.727029241154982,,2,t1:q4:r1|t2:q2:r0,e19e5a4baffd9cc5
b0.4.2.3.1,b0.4.2.3,4,0.0009423948342926748,2.9593141217846637,,2,t1:q4:r1|t2:q2:r0,e19e5a4baffd9cc5
b0.4.2.3.2,b0.4.2.3,4,0.0008837075934768031,3.0236122219197568,t4:q2:r1,3,t1:q4:r1|t2:q2:r0|t4:q2:r1,3625037e0a7f100f
b0.4.2.3.3,b0.4.2.3,4,0.0007763104892283853,3.153185898085203,t4:q3:r2,3,t1:q4:r1|t2:q2:r0|t4:q3:r2,4ea6fc2aa1f5bc29
b0.4.2.3.4,b0.4.2.3,4,0.00045022746910421824,3.697985511281636,t4:q4:r0,3,t1:q4:r1|t2:q2:r0|t4:q4:r0,7fac6ddf2968441b
b0.4.2.4.0,b0.4.2.4,4,0.0013884032139966534,2.5718288543514154,,3,t1:q4:r1|t2:q2:r0|t3:q4:r0,d6a0ddb20c5f4e50
b0.4.2.4.1,b0.4.2.4,4,0.0011006153574635682,2.804113734981097,,3,t1:q4:r1|t2:q2:r0|t3:q4:r0,d6a0ddb20c5f4e50
b0.4.2.4.2,b0.4.2.4,4,0.0010320750003025578,2.86841183511619,t4:q2:r2,4,t1:q4:r1|t2:q2:r0|t3:q4:r0|t4:q2:r2,6ab2ad9c7a86b0db
b0.4.2.4.3,b0.4.2.4,4,0.0009066467848862,2.9979855112816365,t4:q3:r0,4,t1:q4:r1|t2:q2:r0|t3:q4:r0|t4:q3:r0,dffcc3d667fbc5ec
b0.4.2.4.4,b0.4.2.4,4,0.0005258170448482778,3.5427851244780695,t4:q4:r1,4,t1:q4:r1|t2:q2:r0|t3:q4:r0|t4:q4:r1,194d4fadeca92732
b0.4.3.0.0,b0.4.3.0,4,0.0022694486439341025,2.0804462603902083,,1,t1:q4:r1,2ffec9582e9065a6
b0.4.3.0.1,b0.4.3.0,4,0.0017990379201864649,2.3127311410198894,,1,t1:q4:r1,2ffec9582e9065a6
b0.4.3.0.2,b0.4.3.0,4,0.0016870035925173061,2.377029241154983,t4:q2:r0,2,t1:q4:r1|t4:q2:r0,b06bfd42da293148
b0.4.3.0.3,b0.4.3.0,4,0.001481981816049124,2.5066029173204294,t4:q3:r1,2,t1:q4:r1|t4:q3:r1,2486389e873ee0d9
b0.4.3.0.4,b0.4.3.0,4,0.00085948719173106,3.051402530516862,t4:q4:r2,2,t1:q4:r1|t4:q4:r2,e3ca7139f3b027cd
b0.4.3.1.0,b0.4.3.1,4,0.001799037920186465,2.3127311410198894,,2,t1:q4:r1|t3:q1:r2,c41e2e63bfff5da2
b0.4.3.1.1,b0.4.3.1,4,0.001426133808720291,2.545016021649571,,2,t1:q4:r1|t3:q1:r2,c41e2e63bfff5da2
b0.4.3.1.2,b0.4.3.1,4,0.0013373219273066551,2.609314121784664,t4:q2:r1,3,t1:q4:r1|t3:q1:r2|t4:q2:r1,c9ba3e17c0a86d55
b0.4.3.1.3,b0.4.3.1,4,0.0011747970112588246,2.7388877979501105,t4:q3:r2,3,t1:q4:r1|t3:q1:r2|t4:q3:r2,a1a7e6f651acff7f
b0.4.3.1.4,b0.4.3.1,4,0.0006813329105162379,3.2836874111465435,t4:q4:r0,3,t1:q4:r1|t3:q1:r2|t4:q4:r0,98c948d11b160676
b0.4.3.2.0,b0.4.3.2,4,0.0016870035925173061,2.3770292411549825,,2,t1:q4:r1|t3:q2:r0,d196bf15e10fef7a
b0.4.3.2.1,b0.4.3.2,4,0.001337321927306655,2.609314121784664,,2,t1:q4:r1|t3:q2:r0,d196bf15e10fef7a
b0.4.3.2.2,b0.4.3.2,4,0.0012540407683483737,2.673612221919757,t4:q2:r1,3,t1:q4:r1|t3:q2:r0|t4:q2:r1,728b73537f5d86d7
b0.4.3.2.3,b0.4.3.2,4,0.001101637022896557,2.8031858980852036,t4:q3:r2,3,t1:q4:r1|t3:q2:r0|t4:q3:r2,e0bb202e60d38d92
b0.4.3.2.4,b0.4.3.2,4,0.0006389031908910695,3.3479855112816366,t4:q4:r0,3,t1:q4:r1|t3:q2:r0|t4:q4:r0,555891ceb96c31ac
b0.4.3.3.0,b0.4.3.3,4,0.0010443349349495267,2.856602917320429,,1,t1:q4:r1,2ffec9582e9065a6
b0.4.3.3.1,b0.4.3.3,4,0.0008278654616712348,3.0888877979501106,,1,t1:q4:r1,2ffec9582e9065a6
b0.4.3.3.2,b0.4.3.3,4,0.0007763104892283852,3.1531858980852037,t4:q2:r0,2,t1:q4:r1|t4:q2:r0,b06bfd42da293148
b0.4.3.3.3,b0.4.3.3,4,0.0006819653696931081,3.28275957425065,t4:q3:r1,2,t1:q4:r1|t4:q3:r1,2486389e873ee0d9
b0.4.3.3.4,b0.4.3.3,4,0.00039551126343640277,3.827559187447083,t4:q4:r2,2,t1:q4:r1|t4:q4:r2,e3ca7139f3b027cd
b0.4.3.4.0,b0.4.3.4,4,0.001219670382217098,2.7014025305168623,,2,t1:q4:r1|t3:q4:r2,662138bd58d50658
b0.4.3.4.1,b0.4.3.4,4,0.0009668574231021868,2.9336874111465434,,2,t1:q4:r1|t3:q4:r2,662138bd58d50658
b0.4.3.4.2,b0.4.3.4,4,0.0009066467848861999,2.9979855112816365,t4:q2:r1,3,t1:q4:r1|t3:q4:r2|t4:q2:r1,9f6c3c65f01eb277
b0.4.3.4.3,b0.4.3.4,4,0.000796461877580125,3.1275591874470834,t4:q3:r2,3,t1:q4:r1|t3:q4:r2|t4:q3:r2,db5dc1b651e1f0e0
b0.4.3.4.4,b0.4.3.4,4,0.00046191442774052086,3.672358800643516,t4:q4:r0,3,t1:q4:r1|t3:q4:r2|t4:q4:r0,f2d9e9bdd59b8a98
b0.4.4.0.0,b0.4.4.0,4,0.0013161848685518068,2.625245873586641,,2,t1:q4:r1|t2:q4:r2,0184ab4e626b5053
b0.4.4.0.1,b0.4.4.0,4,0.0010433664118504255,2.8575307542163224,,2,t1:q4:r1|t2:q4:r2,0184ab4e626b5053
b0.4.4.0.2,b0.4.4.0,4,0.0009783912086306237,2.9218288543514155,t4:q2:r1,3,t1:q4:r1|t2:q4:r2|t4:q2:r1,8f950f24f6d4de44
b0.4.4.0.3,b0.4.4.0,4,0.00085948719173106,3.051402530516862,t4:q3:r2,3,t1:q4:r1|t2:q4:r2|t4:q3:r2,f4c31b92d247ed07
b0.4.4.0.4,b0.4.4.0,4,0.0004984664621048611,3.596202143713295,t4:q4:r0,3,t1:q4:r1|t2:q4:r2|t4:q4:r0,6952cdb57ab9c988
b0.4.4.1.0,b0.4.4.1,4,0.0010433664118504255,2.857530754216322,,3,t1:q4:r1|t2:q4:r2|t3:q1:r0,4cc1340de1d50a75
b0.4.4.1.1,b0.4.4.1,4,0.0008270976937878253,3.0898156348460035,,3,t1:q4:r1|t2:q4:r2|t3:q1:r0,4cc1340de1d50a75
b0.4.4.1.2,b0.4.4.1,4,0.0007755905337660808,3.1541137349810966,t4:q2:r2,4,t1:q4:r1|t2:q4:r2|t3:q1:r0|t4:q2:r2,931f9f4e547cd5d9
b0.4.4.1.3,b0.4.4.1,4,0.000681332910516238,3.283687411146543,t4:q3:r0,4,t1:q4:r1|t2:q4:r2|t3:q1:r0|t4:q3:r0,5ebea4b75b0e2c82
b0.4.4.1.4,b0.4.4.1,4,0.0003951444636849309,3.828487024342976,t4:q4:r1,4,t1:q4:r1|t2:q4:r2|t3:q1:r0|t4:q4:r1,1ee4d946f6f9804f
b0.4.4.2.0,b0.4.4.2,4,0.0009783912086306237,2.921828854351416,,3,t1:q4:r1|t2:q4:r2|t3:q2:r1,48b0a0be2a80ba6f
b0.4.4.2.1,b0.4.4.2,4,0.0007755905337660808,3.154113734981097,,3,t1:q4:r1|t2:q4:r2|t3:q2:r1,48b0a0be2a80ba6f
b0.4.4.2.2,b0.4.4.2,4,0.00072729096040965,3.21841183511619,t4:q2:r2,4,t1:q4:r1|t2:q4:r2|t3:q2:r1|t4:q2:r2,201c5e0823920bc3
b0.4.4.2.3,b0.4.4.2,4,0.0006389031908910696,3.347985511281637,t4:q3:r0,4,t1:q4:r1|t2:q4:r2|t3:q2:r1|t4:q3:r0,a649e78cf308cfcb
b0.4.4.2.4,b0.4.4.2,4,0.000370537008875672,3.8927851244780696,t4:q4:r1,4,t1:q4:r1|t2:q4:r2|t3:q2:r1|t4:q4:r1,4f5606a137860d8e
b0.4.4.3.0,b0.4.4.3,4,0.0006056703872786621,3.4014025305168616,,2,t1:q4:r1|t2:q4:r2,0184ab4e626b5053
b0.4.4.3.1,b0.4.4.3,4,0.0004801271871741788,3.633687411146543,,2,t1:q4:r1|t2:q4:r2,0184ab4e626b5053
b0.4.4.3.2,b0.4.4.3,4,0.00045022746910421824,3.697985511281636,t4:q2:r1,3,t1:q4:r1|t2:q4:r2|t4:q2:r1,8f950f24f6d4de44
b0.4.4.3.3,b0.4.4.3,4,0.00039551126343640277,3.8275591874470827,t4:q3:r2,3,t1:q4:r1|t2:q4:r2|t4:q3:r2,f4c31b92d247ed07
b0.4.4.3.4,b0.4.4.3,4,0.0002293799164251616,4.372358800643516,t4:q4:r0,3,t1:q4:r1|t2:q4:r2|t4:q4:r0,6952cdb57ab9c988
b0.4.4.4.0,b0.4.4.4,4,0.000707357580435099,3.246202143713295,,3,t1:q4:r1|t2:q4:r2|t3:q4:r0,6580c0306144b838
b0.4.4.4.1,b0.4.4.4,4,0.0005607366854215722,3.4784870243429764,,3,t1:q4:r1|t2:q4:r2|t3:q4:r0,6580c0306144b838
b0.4.4.4.2,b0.4.4.4,4,0.0005258170448482779,3.5427851244780695,t4:q2:r2,4,t1:q4:r1|t2:q4:r2|t3:q4:r0|t4:q2:r2,5d2091966814b69c
b0.4.4.4.3,b0.4.4.4,4,0.0004619144277405209,3.672358800643516,t4:q3:r0,4,t1:q4:r1|t2:q4:r2|t3:q4:r0|t4:q3:r0,f0f15646643e0bc5
b0.4.4.4.4,b0.4.4.4,4,0.00026789096196683704,4.2171584138399485,t4:q4:r1,4,t1:q4:r1|t2:q4:r2|t3:q4:r0|t4:q4:r1,d6db3672e30a9cf2
